ID,Ponto,LATITUDE,LONGITUDE,Fazenda,Município,Textura,Uso atual,Cultura,Manejo,Época,Data da coleta,A,E,gs,Ca,Ci,Ci/Ca,EUA,A/Ci,YII,ETR,Chl a,Chl b,IAF,Chl a.1,Chl b.1,IAF.1,IAF.2,Estágio,Peso Seco
D-82,82,-17.7366,-51.0778,Farm A,Municipality 1,,,,,,,,,,,,,,,,,,,,,,,,,
D-87,87,-17.6578,-50.8325,Farm B,Municipality 1,,,,,,,,,,,,,,,,,,,,,,,,,
D-58,58,-17.4404,-51.1598,Farm B,Municipality 1,,,,,,,,,,,,,,,,,,,,,,,,,
D-81,81,-17.6003,-50.8187,Farm B,Municipality 1,,,,,,,,,,,,,,,,,,,,,,,,,
D-46,46,-17.4979,-51.025,Farm A,Municipality 1,,,,,,,,,,,,,,,,,,,,,,,,,
D-66,66,-17.7116,-50.8693,Farm B,Municipality 1,,,,,,,,,,,,,,,,,,,,,,,,,
D-26,26,-17.4494,-51.1607,Farm A,Municipality 1,,,,,,,,,,,,,,,,,,,,,,,,,
D-05,5,-17.8378,-51.0333,Farm B,Municipality 1,,,,,,,,,,,,,,,,,,,,,,,,,
D-31,31,-17.6043,-51.0646,Farm B,Municipality 1,,,,,,,,,,,,,,,,,,,,,,,,,
D-17,17,-17.8067,-50.8249,Farm A,Municipality 1,,,,,,,,,,,,,,,,,,,,,,,,,
D-68,68,-17.6485,-50.8576,Farm A,Municipality 1,,,,,,,,,,,,,,,,,,,,,,,,,
D-10,10,-17.5351,-50.8604,Farm A,Municipality 1,,,,,,,,,,,,,,,,,,,,,,,,,
D-36,36,-17.4419,-51.0627,Farm A,Municipality 1,,,,,,,,,,,,,,,,,,,,,,,,,
D-74,74,-17.4866,-50.8364,Farm A,Municipality 1,,,,,,,,,,,,,,,,,,,,,,,,,
D-71,71,-17.4415,-51.0038,Farm A,Municipality 1,,,,,,,,,,,,,,,,,,,,,,,,,
D-78,78,-17.7482,-50.9299,Farm B,Municipality 1,,,,,,,,,,,,,,,,,,,,,,,,,
D-31,31,-17.8379,-51.0673,Farm B,Municipality 1,,,,,,,,,,,,,,,,,,,,,,,,,
D-19,19,-17.4925,-51.0207,Farm A,Municipality 1,,,,,,,,,,,,,,,,,,,,,,,,,
D-86,86,-17.4007,-51.0822,Farm B,Municipality 1,,,,,,,,,,,,,,,,,,,,,,,,,
D-89,89,-17.8247,-51.0972,Farm B,Municipality 1,,,,,,,,,,,,,,,,,,,,,,,,,
D-58,58,-17.7406,-50.9002,Farm B,Municipality 1,,,,,,,,,,,,,,,,,,,,,,,,,
D-11,11,-17.4346,-51.1855,Farm B,Municipality 1,,,,,,,,,,,,,,,,,,,,,,,,,
D-55,55,-17.4855,-50.9475,Farm B,Municipality 1,,,,,,,,,,,,,,,,,,,,,,,,,
D-19,19,-17.4499,-50.8462,Farm A,Municipality 1,,,,,,,,,,,,,,,,,,,,,,,,,
D-44,44,-17.5117,-51.1408,Farm A,Municipality 1,,,,,,,,,,,,,,,,,,,,,,,,,
D-67,67,-17.5254,-51.0666,Farm A,Municipality 1,,,,,,,,,,,,,,,,,,,,,,,,,
D-81,81,-17.6318,-51.0162,Farm B,Municipality 1,,,,,,,,,,,,,,,,,,,,,,,,,
D-55,55,-17.8596,-50.8472,Farm A,Municipality 1,,,,,,,,,,,,,,,,,,,,,,,,,
D-86,86,-17.5929,-51.107,Farm A,Municipality 1,,,,,,,,,,,,,,,,,,,,,,,,,
D-39,39,-17.7073,-51.0917,Farm B,Municipality 1,,Anual,Soja,,Verão,2025-12-19,11.8929,4.1521,0.1953,412.091,252.125,0.6118,2.8643,0.04717,0.6743,119.34,23.01,10.75,1.82,24.29,10.11,1.98,1.82,R1,57.47
D-84,84,-17.5267,-51.1922,Farm B,Municipality 1,,,,,,,,,,,,,,,,,,,,,,,,,
D-03,3,-17.8125,-51.1591,Farm B,Municipality 1,,,,,,,,,,,,,,,,,,,,,,,,,
D-03,3,-17.8241,-51.0592,Farm B,Municipality 1,,,,,,,,,,,,,,,,,,,,,,,,,
D-24,24,-17.8224,-50.9062,Farm A,Municipality 1,,Perene,Cana-de-açúcar,,Verão,2025-12-19,19.267,3.8826,0.265,412.721,294.244,0.7129,4.9625,0.06548,0.6698,134.654,27.65,15.06,3.17,28.86,16.44,2.83,3.27,V4,64.19
D-61,61,-17.4794,-50.8036,Farm A,Municipality 1,,,,,,,,,,,,,,,,,,,,,,,,,
D-23,23,-17.4771,-50.9533,Farm B,Municipality 1,,Anual,Soja,,Verão,2026-01-23,12.7146,3.7621,0.2335,422.581,229.659,0.5435,3.3796,0.05536,0.5699,113.86,29.44,14.73,2.75,29.5,14.49,3.02,2.59,R1,67.75
D-61,61,-17.6519,-50.8323,Farm B,Municipality 1,,,,,,,,,,,,,,,,,,,,,,,,,
D-60,60,-17.6774,-50.9299,Farm B,Municipality 1,,,,,,,,,,,,,,,,,,,,,,,,,
D-32,32,-17.5872,-50.8651,Farm B,Municipality 1,,,,,,,,,,,,,,,,,,,,,,,,,
D-65,65,-17.6132,-51.0008,Farm B,Municipality 1,,,,,,,,,,,,,,,,,,,,,,,,,
D-82,82,-17.8057,-50.8819,Farm B,Municipality 1,,,,,,,,,,,,,,,,,,,,,,,,,
D-33,33,-17.7166,-50.913,Farm A,Municipality 1,,,,,,,,,,,,,,,,,,,,,,,,,
D-74,74,-17.4385,-50.8054,Farm B,Municipality 1,,,,,,,,,,,,,,,,,,,,,,,,,
D-16,16,-17.4603,-51.1513,Farm B,Municipality 1,,,,,,,,,,,,,,,,,,,,,,,,,
D-72,72,-17.7503,-51.181,Farm A,Municipality 1,,,,,,,,,,,,,,,,,,,,,,,,,
D-46,46,-17.6421,-51.0993,Farm B,Municipality 1,,,,,,,,,,,,,,,,,,,,,,,,,
D-75,75,-17.6259,-51.0295,Farm A,Municipality 1,,,,,,,,,,,,,,,,,,,,,,,,,
D-56,56,-17.4423,-51.0376,Farm B,Municipality 1,,,,,,,,,,,,,,,,,,,,,,,,,
D-19,19,-17.4717,-50.9086,Farm A,Municipality 1,,,,,,,,,,,,,,,,,,,,,,,,,
D-79,79,-17.5176,-50.8623,Farm A,Municipality 1,,,,,,,,,,,,,,,,,,,,,,,,,
D-09,9,-17.8479,-51.0341,Farm B,Municipality 1,,,,,,,,,,,,,,,,,,,,,,,,,
D-03,3,-17.8247,-51.1276,Farm B,Municipality 1,,Anual,Soja,,Verão,2025-12-19,15.2363,2.9398,0.1667,425.686,250.739,0.589,5.1827,0.06077,0.8139,180.119,35.28,11.39,3.31,32.93,11.9,3.17,3.59,R3,37.11
D-44,44,-17.6674,-51.1167,Farm A,Municipality 1,,,,,,,,,,,,,,,,,,,,,,,,,
D-30,30,-17.7062,-50.8087,Farm B,Municipality 1,,,,,,,,,,,,,,,,,,,,,,,,,
D-72,72,-17.8844,-50.9238,Farm A,Municipality 1,,,,,,,,,,,,,,,,,,,,,,,,,
D-73,73,-17.6952,-50.9789,Farm B,Municipality 1,,,,,,,,,,,,,,,,,,,,,,,,,
D-44,44,-17.7713,-50.8693,Farm B,Municipality 1,,Anual,Soja,,Verão,2026-02-28,26.3956,6.8339,0.2665,414.692,286.118,0.69,3.8624,0.09225,0.717,162.232,28.49,13.39,2.74,29.38,14.62,3.1,2.65,R3,92.46
D-52,52,-17.7969,-51.1253,Farm B,Municipality 1,,,,,,,,,,,,,,,,,,,,,,,,,
D-04,4,-17.6302,-51.0646,Farm B,Municipality 1,,Anual,Soja,,Verão,2026-02-28,12.812,2.9295,0.1728,401.508,243.898,0.6075,4.3734,0.05253,0.6595,147.668,26.73,10.52,3.26,27.18,12.15,3.24,3.19,R3,69.93
D-35,35,-17.6698,-51.1477,Farm A,Municipality 1,,,,,,,,,,,,,,,,,,,,,,,,,
D-38,38,-17.6421,-50.849,Farm B,Municipality 1,,,,,,,,,,,,,,,,,,,,,,,,,
D-09,9,-17.432,-51.1533,Farm A,Municipality 1,,,,,,,,,,,,,,,,,,,,,,,,,
D-89,89,-17.4144,-50.8324,Farm B,Municipality 1,,,,,,,,,,,,,,,,,,,,,,,,,
D-88,88,-17.7745,-51.0612,Farm A,Municipality 1,,,,,,,,,,,,,,,,,,,,,,,,,
D-43,43,-17.8266,-51.0655,Farm A,Municipality 1,,,,,,,,,,,,,,,,,,,,,,,,,
D-72,72,-17.8406,-50.9952,Farm A,Municipality 1,,,,,,,,,,,,,,,,,,,,,,,,,
D-52,52,-17.41,-51.0991,Farm A,Municipality 1,,,,,,,,,,,,,,,,,,,,,,,,,
D-90,90,-17.8013,-50.8556,Farm A,Municipality 1,,,,,,,,,,,,,,,,,,,,,,,,,
D-15,15,-17.6217,-51.0977,Farm B,Municipality 1,,,,,,,,,,,,,,,,,,,,,,,,,
D-88,88,-17.7298,-50.9241,Farm A,Municipality 1,,,,,,,,,,,,,,,,,,,,,,,,,
D-72,72,-17.5866,-51.0587,Farm B,Municipality 1,,,,,,,,,,,,,,,,,,,,,,,,,
D-28,28,-17.5121,-51.1552,Farm A,Municipality 1,,,,,,,,,,,,,,,,,,,,,,,,,
D-05,5,-17.6533,-50.9393,Farm A,Municipality 1,,,,,,,,,,,,,,,,,,,,,,,,,
D-70,70,-17.6406,-50.9821,Farm A,Municipality 1,,,,,,,,,,,,,,,,,,,,,,,,,
D-16,16,-17.541,-51.0229,Farm B,Municipality 1,,,,,,,,,,,,,,,,,,,,,,,,,
D-55,55,-17.5753,-50.8287,Farm B,Municipality 1,,,,,,,,,,,,,,,,,,,,,,,,,
D-10,10,-17.7816,-50.9889,Farm A,Municipality 1,,,,,,,,,,,,,,,,,,,,,,,,,
D-43,43,-17.8126,-51.1884,Farm B,Municipality 1,,,,,,,,,,,,,,,,,,,,,,,,,
D-54,54,-17.4433,-50.839,Farm A,Municipality 1,,,,,,,,,,,,,,,,,,,,,,,,,
D-80,80,-17.832,-50.9803,Farm A,Municipality 1,,,,,,,,,,,,,,,,,,,,,,,,,
D-77,77,-17.6173,-51.1828,Farm A,Municipality 1,,,,,,,,,,,,,,,,,,,,,,,,,
D-11,11,-17.8572,-51.0755,Farm A,Municipality 1,,,,,,,,,,,,,,,,,,,,,,,,,
D-06,6,-17.8429,-50.907,Farm B,Municipality 1,,Anual,Soja,,Verão,2026-02-28,19.9226,4.9519,0.1327,425.689,274.758,0.6454,4.0232,0.07251,0.6557,123.964,15.95,7.53,2.86,16.3,8.82,2.56,2.93,R1,121.43
D-69,69,-17.5781,-50.8466,Farm B,Municipality 1,,,,,,,,,,,,,,,,,,,,,,,,,
D-70,70,-17.6623,-50.9645,Farm A,Municipality 1,,,,,,,,,,,,,,,,,,,,,,,,,
D-55,55,-17.8023,-51.036,Farm A,Municipality 1,,,,,,,,,,,,,,,,,,,,,,,,,
D-90,90,-17.6951,-51.1272,Farm A,Municipality 1,,,,,,,,,,,,,,,,,,,,,,,,,
D-24,24,-17.6778,-51.0631,Farm B,Municipality 1,,,,,,,,,,,,,,,,,,,,,,,,,
D-06,6,-17.459,-51.1571,Farm B,Municipality 1,,,,,,,,,,,,,,,,,,,,,,,,,
D-10,10,-17.442,-50.8599,Farm B,Municipality 1,,,,,,,,,,,,,,,,,,,,,,,,,
D-22,22,-17.8755,-51.0383,Farm B,Municipality 1,,,,,,,,,,,,,,,,,,,,,,,,,
D-87,87,-17.808,-51.0873,Farm A,Municipality 1,,,,,,,,,,,,,,,,,,,,,,,,,
D-68,68,-17.6291,-50.9362,Farm A,Municipality 1,,,,,,,,,,,,,,,,,,,,,,,,,
D-43,43,-17.4903,-51.0006,Farm A,Municipality 1,,,,,,,,,,,,,,,,,,,,,,,,,
D-53,53,-17.5869,-50.8351,Farm A,Municipality 1,,,,,,,,,,,,,,,,,,,,,,,,,
D-07,7,-17.645,-50.8653,Farm A,Municipality 1,,,,,,,,,,,,,,,,,,,,,,,,,
D-88,88,-17.7086,-50.808,Farm B,Municipality 1,,,,,,,,,,,,,,,,,,,,,,,,,
D-40,40,-17.5062,-50.9471,Farm A,Municipality 1,,,,,,,,,,,,,,,,,,,,,,,,,
D-33,33,-17.8308,-50.8903,Farm B,Municipality 1,,Anual,Soja,,Verão,2026-01-23,15.112,3.0269,0.2108,426.632,245.269,0.5749,4.9926,0.06161,0.8067,164.784,27.7,7.78,3.46,25.31,7.05,3.52,3.79,V4,141.18
D-63,63,-17.8333,-51.1231,Farm A,Municipality 1,,,,,,,,,,,,,,,,,,,,,,,,,
D-43,43,-17.4336,-51.0434,Farm B,Municipality 1,,Anual,Soja,,Verão,2026-02-28,23.9709,6.8506,0.2571,427.415,315.369,0.7379,3.4991,0.07601,0.6953,162.82,25.35,14.13,3.15,27.62,13.5,3.23,2.97,V4,72.43
D-14,14,-17.8023,-50.8162,Farm B,Municipality 1,,,,,,,,,,,,,,,,,,,,,,,,,
D-37,37,-17.8351,-50.8414,Farm B,Municipality 1,,,,,,,,,,,,,,,,,,,,,,,,,
D-19,19,-17.7538,-50.9917,Farm A,Municipality 1,,,,,,,,,,,,,,,,,,,,,,,,,
D-88,88,-17.4064,-51.182,Farm B,Municipality 1,,,,,,,,,,,,,,,,,,,,,,,,,
D-39,39,-17.8056,-50.9091,Farm A,Municipality 1,,,,,,,,,,,,,,,,,,,,,,,,,
D-89,89,-17.8121,-51.1116,Farm B,Municipality 1,,,,,,,,,,,,,,,,,,,,,,,,,
D-35,35,-17.4026,-50.8508,Farm A,Municipality 1,,,,,,,,,,,,,,,,,,,,,,,,,
D-24,24,-17.5474,-51.1731,Farm A,Municipality 1,,,,,,,,,,,,,,,,,,,,,,,,,
D-01,1,-17.8117,-50.8702,Farm B,Municipality 1,,,,,,,,,,,,,,,,,,,,,,,,,
D-31,31,-17.4065,-50.8501,Farm A,Municipality 1,,,,,,,,,,,,,,,,,,,,,,,,,
D-82,82,-17.8528,-50.8023,Farm B,Municipality 1,,,,,,,,,,,,,,,,,,,,,,,,,
D-39,39,-17.8344,-50.9447,Farm B,Municipality 1,,,,,,,,,,,,,,,,,,,,,,,,,
D-08,8,-17.7899,-51.0133,Farm A,Municipality 1,,,,,,,,,,,,,,,,,,,,,,,,,
D-49,49,-17.8293,-51.0536,Farm B,Municipality 1,,,,,,,,,,,,,,,,,,,,,,,,,
D-52,52,-17.587,-51.1193,Farm B,Municipality 1,,Anual,Soja,,Verão,2026-01-23,14.0147,3.4543,0.1354,424.46,248.557,0.5856,4.0572,0.05638,0.7591,201.727,25.1,13.08,3.3,22.74,14.09,3.65,3.09,R3,129.59
D-58,58,-17.8606,-51.0461,Farm B,Municipality 1,,,,,,,,,,,,,,,,,,,,,,,,,
D-55,55,-17.8035,-51.1056,Farm B,Municipality 1,,,,,,,,,,,,,,,,,,,,,,,,,
D-11,11,-17.8706,-50.9609,Farm A,Municipality 1,,,,,,,,,,,,,,,,,,,,,,,,,
D-89,89,-17.5136,-51.0915,Farm A,Municipality 1,,,,,,,,,,,,,,,,,,,,,,,,,
D-15,15,-17.5329,-51.1139,Farm B,Municipality 1,,,,,,,,,,,,,,,,,,,,,,,,,
D-40,40,-17.6484,-50.8037,Farm A,Municipality 1,,,,,,,,,,,,,,,,,,,,,,,,,
D-83,83,-17.7746,-51.054,Farm A,Municipality 1,,,,,,,,,,,,,,,,,,,,,,,,,
D-18,18,-17.7078,-50.8527,Farm A,Municipality 1,,,,,,,,,,,,,,,,,,,,,,,,,
D-03,3,-17.8794,-51.1419,Farm B,Municipality 1,,,,,,,,,,,,,,,,,,,,,,,,,
D-44,44,-17.5754,-50.9704,Farm A,Municipality 1,,,,,,,,,,,,,,,,,,,,,,,,,
D-79,79,-17.7957,-51.0007,Farm A,Municipality 1,,,,,,,,,,,,,,,,,,,,,,,,,
D-06,6,-17.8691,-51.1898,Farm A,Municipality 1,,,,,,,,,,,,,,,,,,,,,,,,,
D-88,88,-17.7725,-50.9101,Farm B,Municipality 1,,,,,,,,,,,,,,,,,,,,,,,,,
D-32,32,-17.7691,-50.9492,Farm A,Municipality 1,,,,,,,,,,,,,,,,,,,,,,,,,
D-77,77,-17.4986,-50.8428,Farm A,Municipality 1,,,,,,,,,,,,,,,,,,,,,,,,,
D-56,56,-17.7999,-50.928,Farm A,Municipality 1,,,,,,,,,,,,,,,,,,,,,,,,,
D-72,72,-17.7272,-50.8792,Farm B,Municipality 1,,,,,,,,,,,,,,,,,,,,,,,,,
D-86,86,-17.5913,-51.1393,Farm A,Municipality 1,,,,,,,,,,,,,,,,,,,,,,,,,
D-29,29,-17.6795,-51.0343,Farm B,Municipality 1,,,,,,,,,,,,,,,,,,,,,,,,,
D-44,44,-17.83,-50.9289,Farm B,Municipality 1,,,,,,,,,,,,,,,,,,,,,,,,,
D-19,19,-17.6315,-50.9379,Farm B,Municipality 1,,,,,,,,,,,,,,,,,,,,,,,,,
D-10,10,-17.7597,-51.0232,Farm A,Municipality 1,,,,,,,,,,,,,,,,,,,,,,,,,
D-25,25,-17.5417,-51.0853,Farm B,Municipality 1,,,,,,,,,,,,,,,,,,,,,,,,,
D-12,12,-17.893,-51.0662,Farm A,Municipality 1,,,,,,,,,,,,,,,,,,,,,,,,,
D-42,42,-17.6931,-50.8906,Farm A,Municipality 1,,,,,,,,,,,,,,,,,,,,,,,,,
D-70,70,-17.5203,-50.9784,Farm A,Municipality 1,,,,,,,,,,,,,,,,,,,,,,,,,
D-13,13,-17.5677,-50.8615,Farm A,Municipality 1,,,,,,,,,,,,,,,,,,,,,,,,,
D-30,30,-17.7093,-50.8497,Farm B,Municipality 1,,,,,,,,,,,,,,,,,,,,,,,,,
D-64,64,-17.7955,-51.1208,Farm B,Municipality 1,,,,,,,,,,,,,,,,,,,,,,,,,
D-64,64,-17.6406,-51.0083,Farm A,Municipality 1,,,,,,,,,,,,,,,,,,,,,,,,,
D-33,33,-17.8845,-50.9108,Farm A,Municipality 1,,,,,,,,,,,,,,,,,,,,,,,,,
D-04,4,-17.7527,-51.1909,Farm B,Municipality 1,,,,,,,,,,,,,,,,,,,,,,,,,
D-67,67,-17.6867,-51.1224,Farm B,Municipality 1,,,,,,,,,,,,,,,,,,,,,,,,,
D-21,21,-17.6126,-51.0131,Farm A,Municipality 1,,,,,,,,,,,,,,,,,,,,,,,,,
D-44,44,-17.4828,-50.9906,Farm A,Municipality 1,,,,,,,,,,,,,,,,,,,,,,,,,
D-09,9,-17.5917,-51.0832,Farm A,Municipality 1,,,,,,,,,,,,,,,,,,,,,,,,,
D-71,71,-17.75,-51.1541,Farm B,Municipality 1,,,,,,,,,,,,,,,,,,,,,,,,,
D-72,72,-17.4687,-50.8658,Farm A,Municipality 1,,,,,,,,,,,,,,,,,,,,,,,,,
D-06,6,-17.5287,-51.1013,Farm B,Municipality 1,,,,,,,,,,,,,,,,,,,,,,,,,
D-20,20,-17.4891,-51.137,Farm A,Municipality 1,,,,,,,,,,,,,,,,,,,,,,,,,
D-47,47,-17.6682,-50.9239,Farm B,Municipality 1,,Anual,Soja,,Verão,2026-01-23,20.1547,5.4071,0.1991,405.56,262.915,0.6483,3.7274,0.07666,0.7426,145.528,30.83,16.51,2.94,30.79,15.26,2.99,3.18,V4,90.86
D-29,29,-17.4457,-50.8834,Farm A,Municipality 1,,,,,,,,,,,,,,,,,,,,,,,,,
D-17,17,-17.7787,-51.0533,Farm A,Municipality 1,,,,,,,,,,,,,,,,,,,,,,,,,
D-59,59,-17.6812,-50.9741,Farm A,Municipality 1,,,,,,,,,,,,,,,,,,,,,,,,,
D-03,3,-17.6182,-51.0018,Farm A,Municipality 1,,,,,,,,,,,,,,,,,,,,,,,,,
D-31,31,-17.7727,-51.0456,Farm A,Municipality 1,,,,,,,,,,,,,,,,,,,,,,,,,
D-25,25,-17.6346,-50.8615,Farm B,Municipality 1,,,,,,,,,,,,,,,,,,,,,,,,,
D-50,50,-17.8849,-50.8737,Farm A,Municipality 1,,,,,,,,,,,,,,,,,,,,,,,,,
D-11,11,-17.6638,-50.9961,Farm B,Municipality 1,,,,,,,,,,,,,,,,,,,,,,,,,
D-44,44,-17.8139,-51.1319,Farm A,Municipality 1,,,,,,,,,,,,,,,,,,,,,,,,,
D-25,25,-17.6547,-50.9881,Farm B,Municipality 1,,Anual,Soja,,Verão,2026-01-23,25.9433,8.9973,0.3062,419.235,250.596,0.5977,2.8834,0.10353,0.71,144.983,23.66,11.36,2.64,23.78,11.36,2.75,2.93,R1,117.95
D-11,11,-17.6088,-51.0808,Farm A,Municipality 1,,,,,,,,,,,,,,,,,,,,,,,,,
D-50,50,-17.4789,-50.8226,Farm B,Municipality 1,,Anual,Soja,,Verão,2026-01-23,20.2667,5.9414,0.2717,411.963,293.731,0.713,3.4111,0.069,0.7697,168.662,34.23,13.88,1.89,35.06,14.02,1.96,2.26,V4,109.52
D-08,8,-17.6374,-51.0729,Farm A,Municipality 1,,,,,,,,,,,,,,,,,,,,,,,,,
D-71,71,-17.8459,-51.1039,Farm A,Municipality 1,,,,,,,,,,,,,,,,,,,,,,,,,
D-15,15,-17.4941,-51.0602,Farm B,Municipality 1,,,,,,,,,,,,,,,,,,,,,,,,,
D-42,42,-17.6541,-50.9885,Farm B,Municipality 1,,,,,,,,,,,,,,,,,,,,,,,,,
D-82,82,-17.8556,-51.0373,Farm B,Municipality 1,,,,,,,,,,,,,,,,,,,,,,,,,
D-51,51,-17.4732,-51.0412,Farm B,Municipality 1,,,,,,,,,,,,,,,,,,,,,,,,,
D-43,43,-17.494,-51.0941,Farm B,Municipality 1,,,,,,,,,,,,,,,,,,,,,,,,,
D-74,74,-17.8891,-50.8605,Farm B,Municipality 1,,,,,,,,,,,,,,,,,,,,,,,,,
D-90,90,-17.6835,-51.0247,Farm B,Municipality 1,,,,,,,,,,,,,,,,,,,,,,,,,
D-18,18,-17.8154,-51.1153,Farm A,Municipality 1,,,,,,,,,,,,,,,,,,,,,,,,,
D-74,74,-17.7665,-50.8561,Farm A,Municipality 1,,,,,,,,,,,,,,,,,,,,,,,,,
D-11,11,-17.8663,-50.8274,Farm B,Municipality 1,,,,,,,,,,,,,,,,,,,,,,,,,
D-15,15,-17.5745,-50.8383,Farm A,Municipality 1,,,,,,,,,,,,,,,,,,,,,,,,,
D-60,60,-17.6467,-51.0053,Farm A,Municipality 1,,,,,,,,,,,,,,,,,,,,,,,,,
D-77,77,-17.7108,-51.1201,Farm B,Municipality 1,,,,,,,,,,,,,,,,,,,,,,,,,
D-74,74,-17.6113,-50.9121,Farm B,Municipality 1,,,,,,,,,,,,,,,,,,,,,,,,,
D-13,13,-17.5669,-51.1185,Farm A,Municipality 1,,,,,,,,,,,,,,,,,,,,,,,,,
D-63,63,-17.8599,-51.0949,Farm A,Municipality 1,,,,,,,,,,,,,,,,,,,,,,,,,
D-69,69,-17.7068,-51.0416,Farm A,Municipality 1,,,,,,,,,,,,,,,,,,,,,,,,,
D-66,66,-17.4239,-51.0744,Farm B,Municipality 1,,,,,,,,,,,,,,,,,,,,,,,,,
D-40,40,-17.5198,-51.011,Farm B,Municipality 1,,,,,,,,,,,,,,,,,,,,,,,,,
D-21,21,-17.4263,-51.0741,Farm A,Municipality 1,,,,,,,,,,,,,,,,,,,,,,,,,
D-41,41,-17.4352,-51.1601,Farm B,Municipality 1,,Anual,Soja,,Verão,2026-02-28,13.4327,3.7476,0.181,409.606,319.376,0.7797,3.5843,0.04206,0.7088,116.771,29.49,13.66,2.71,26.11,12.7,3.04,2.7,V4,110.81
D-33,33,-17.6229,-50.9513,Farm A,Municipality 1,,,,,,,,,,,,,,,,,,,,,,,,,
D-22,22,-17.4728,-51.1917,Farm A,Municipality 1,,,,,,,,,,,,,,,,,,,,,,,,,
D-61,61,-17.7997,-51.1258,Farm A,Municipality 1,,,,,,,,,,,,,,,,,,,,,,,,,
D-52,52,-17.725,-51.0443,Farm B,Municipality 1,,,,,,,,,,,,,,,,,,,,,,,,,
D-82,82,-17.6026,-50.9433,Farm B,Municipality 1,,,,,,,,,,,,,,,,,,,,,,,,,
D-42,42,-17.8626,-51.1559,Farm B,Municipality 1,,,,,,,,,,,,,,,,,,,,,,,,,
D-50,50,-17.7124,-51.1849,Farm A,Municipality 1,,,,,,,,,,,,,,,,,,,,,,,,,
D-66,66,-17.4935,-50.8475,Farm B,Municipality 1,,,,,,,,,,,,,,,,,,,,,,,,,
D-87,87,-17.567,-51.0595,Farm A,Municipality 1,,,,,,,,,,,,,,,,,,,,,,,,,
D-75,75,-17.6555,-51.1851,Farm A,Municipality 1,,,,,,,,,,,,,,,,,,,,,,,,,
D-12,12,-17.7466,-51.0273,Farm B,Municipality 1,,,,,,,,,,,,,,,,,,,,,,,,,
D-50,50,-17.615,-51.1383,Farm A,Municipality 1,,,,,,,,,,,,,,,,,,,,,,,,,
D-27,27,-17.7745,-50.9476,Farm B,Municipality 1,,,,,,,,,,,,,,,,,,,,,,,,,
D-76,76,-17.4462,-51.1716,Farm A,Municipality 1,,,,,,,,,,,,,,,,,,,,,,,,,
D-40,40,-17.8674,-51.17,Farm A,Municipality 1,,,,,,,,,,,,,,,,,,,,,,,,,
D-24,24,-17.5399,-50.9434,Farm B,Municipality 1,,,,,,,,,,,,,,,,,,,,,,,,,
D-14,14,-17.7992,-50.8448,Farm B,Municipality 1,,,,,,,,,,,,,,,,,,,,,,,,,
D-55,55,-17.7471,-50.837,Farm B,Municipality 1,,,,,,,,,,,,,,,,,,,,,,,,,
D-02,2,-17.4659,-51.1561,Farm B,Municipality 1,,,,,,,,,,,,,,,,,,,,,,,,,
D-13,13,-17.8236,-51.1126,Farm B,Municipality 1,,,,,,,,,,,,,,,,,,,,,,,,,
D-84,84,-17.8829,-50.8919,Farm B,Municipality 1,,,,,,,,,,,,,,,,,,,,,,,,,
D-05,5,-17.7816,-51.1881,Farm B,Municipality 1,,,,,,,,,,,,,,,,,,,,,,,,,
D-88,88,-17.4569,-51.0914,Farm B,Municipality 1,,,,,,,,,,,,,,,,,,,,,,,,,
D-32,32,-17.6607,-50.8772,Farm B,Municipality 1,,,,,,,,,,,,,,,,,,,,,,,,,
D-09,9,-17.8433,-50.973,Farm A,Municipality 1,,,,,,,,,,,,,,,,,,,,,,,,,
D-66,66,-17.8875,-51.095,Farm B,Municipality 1,,,,,,,,,,,,,,,,,,,,,,,,,
D-27,27,-17.6724,-51.0793,Farm B,Municipality 1,,,,,,,,,,,,,,,,,,,,,,,,,
D-59,59,-17.8198,-50.9558,Farm B,Municipality 1,,,,,,,,,,,,,,,,,,,,,,,,,
D-76,76,-17.7399,-51.11,Farm B,Municipality 1,,,,,,,,,,,,,,,,,,,,,,,,,
D-41,41,-17.4383,-50.8465,Farm B,Municipality 1,,,,,,,,,,,,,,,,,,,,,,,,,
D-23,23,-17.5885,-51.032,Farm A,Municipality 1,,,,,,,,,,,,,,,,,,,,,,,,,
D-60,60,-17.7944,-51.1486,Farm A,Municipality 1,,,,,,,,,,,,,,,,,,,,,,,,,
D-05,5,-17.7557,-51.1035,Farm B,Municipality 1,,,,,,,,,,,,,,,,,,,,,,,,,
D-62,62,-17.4941,-50.896,Farm A,Municipality 1,,,,,,,,,,,,,,,,,,,,,,,,,
D-69,69,-17.4747,-51.0215,Farm A,Municipality 1,,,,,,,,,,,,,,,,,,,,,,,,,
D-17,17,-17.8192,-50.9551,Farm A,Municipality 1,,,,,,,,,,,,,,,,,,,,,,,,,
D-76,76,-17.8493,-51.0765,Farm B,Municipality 1,,,,,,,,,,,,,,,,,,,,,,,,,
D-81,81,-17.595,-51.1483,Farm B,Municipality 1,,,,,,,,,,,,,,,,,,,,,,,,,
D-14,14,-17.6899,-50.8744,Farm B,Municipality 1,,,,,,,,,,,,,,,,,,,,,,,,,
D-61,61,-17.7178,-50.8484,Farm A,Municipality 1,,,,,,,,,,,,,,,,,,,,,,,,,
D-31,31,-17.8566,-51.1822,Farm A,Municipality 1,,,,,,,,,,,,,,,,,,,,,,,,,
D-38,38,-17.5572,-51.184,Farm A,Municipality 1,,,,,,,,,,,,,,,,,,,,,,,,,
D-09,9,-17.7031,-50.8001,Farm A,Municipality 1,,,,,,,,,,,,,,,,,,,,,,,,,
D-81,81,-17.6827,-50.8307,Farm B,Municipality 1,,,,,,,,,,,,,,,,,,,,,,,,,
D-08,8,-17.7859,-50.9631,Farm B,Municipality 1,,,,,,,,,,,,,,,,,,,,,,,,,
D-68,68,-17.5566,-50.9843,Farm B,Municipality 1,,,,,,,,,,,,,,,,,,,,,,,,,
D-37,37,-17.6894,-51.1599,Farm A,Municipality 1,,,,,,,,,,,,,,,,,,,,,,,,,
D-21,21,-17.8232,-50.9751,Farm A,Municipality 1,,,,,,,,,,,,,,,,,,,,,,,,,
D-89,89,-17.7772,-51.183,Farm B,Municipality 1,,,,,,,,,,,,,,,,,,,,,,,,,
D-65,65,-17.8825,-50.8037,Farm B,Municipality 1,,,,,,,,,,,,,,,,,,,,,,,,,
D-24,24,-17.4899,-51.0973,Farm A,Municipality 1,,,,,,,,,,,,,,,,,,,,,,,,,
D-02,2,-17.7713,-50.9989,Farm A,Municipality 1,,,,,,,,,,,,,,,,,,,,,,,,,
D-90,90,-17.7316,-50.9575,Farm B,Municipality 1,,,,,,,,,,,,,,,,,,,,,,,,,
D-46,46,-17.6785,-50.9368,Farm A,Municipality 1,,,,,,,,,,,,,,,,,,,,,,,,,
D-15,15,-17.6404,-51.083,Farm A,Municipality 1,,,,,,,,,,,,,,,,,,,,,,,,,
D-18,18,-17.6377,-50.8467,Farm A,Municipality 1,,,,,,,,,,,,,,,,,,,,,,,,,
D-18,18,-17.7732,-50.9557,Farm B,Municipality 1,,Anual,Soja,,Verão,2025-12-19,18.2768,4.0852,0.1752,404.997,200.446,0.4949,4.4739,0.09118,0.7816,170.859,27.39,13.99,3.95,27.96,15.02,4.22,3.91,R1,60.12
D-77,77,-17.4055,-51.1399,Farm B,Municipality 1,,,,,,,,,,,,,,,,,,,,,,,,,
D-85,85,-17.8373,-51.1653,Farm A,Municipality 1,,,,,,,,,,,,,,,,,,,,,,,,,
D-45,45,-17.4464,-50.8488,Farm B,Municipality 1,,,,,,,,,,,,,,,,,,,,,,,,,
D-01,1,-17.8805,-51.0908,Farm B,Municipality 1,,,,,,,,,,,,,,,,,,,,,,,,,
D-71,71,-17.4058,-50.8614,Farm A,Municipality 1,,,,,,,,,,,,,,,,,,,,,,,,,
D-20,20,-17.7376,-51.1907,Farm A,Municipality 1,,,,,,,,,,,,,,,,,,,,,,,,,
D-17,17,-17.8219,-51.1583,Farm B,Municipality 1,,,,,,,,,,,,,,,,,,,,,,,,,
D-31,31,-17.5035,-50.8972,Farm B,Municipality 1,,,,,,,,,,,,,,,,,,,,,,,,,
D-42,42,-17.6239,-51.1153,Farm B,Municipality 1,,,,,,,,,,,,,,,,,,,,,,,,,
D-76,76,-17.6556,-50.9997,Farm B,Municipality 1,,,,,,,,,,,,,,,,,,,,,,,,,
D-67,67,-17.6569,-50.9033,Farm B,Municipality 1,,,,,,,,,,,,,,,,,,,,,,,,,
D-05,5,-17.8846,-51.0414,Farm A,Municipality 1,,,,,,,,,,,,,,,,,,,,,,,,,
D-01,1,-17.7773,-51.1162,Farm A,Municipality 1,,,,,,,,,,,,,,,,,,,,,,,,,
D-89,89,-17.526,-51.1713,Farm B,Municipality 1,,,,,,,,,,,,,,,,,,,,,,,,,
D-25,25,-17.7913,-51.1749,Farm A,Municipality 1,,,,,,,,,,,,,,,,,,,,,,,,,
D-80,80,-17.6758,-50.8549,Farm A,Municipality 1,,,,,,,,,,,,,,,,,,,,,,,,,
D-64,64,-17.5614,-51.1221,Farm B,Municipality 1,,,,,,,,,,,,,,,,,,,,,,,,,
D-28,28,-17.7349,-50.9256,Farm B,Municipality 1,,,,,,,,,,,,,,,,,,,,,,,,,
D-16,16,-17.4833,-51.1792,Farm A,Municipality 1,,Perene,Cana-de-açúcar,,Verão,2026-01-23,18.6474,4.513,0.22,409.228,313.682,0.7665,4.1319,0.05945,0.6533,108.692,35.87,12.16,2.49,37.26,12.52,2.21,2.37,R3,90.27
D-70,70,-17.6185,-50.8323,Farm B,Municipality 1,,,,,,,,,,,,,,,,,,,,,,,,,
D-42,42,-17.564,-50.9157,Farm B,Municipality 1,,,,,,,,,,,,,,,,,,,,,,,,,
D-85,85,-17.5086,-50.9542,Farm B,Municipality 1,,,,,,,,,,,,,,,,,,,,,,,,,
D-48,48,-17.456,-50.8943,Farm A,Municipality 1,,,,,,,,,,,,,,,,,,,,,,,,,
D-38,38,-17.8205,-51.0055,Farm A,Municipality 1,,,,,,,,,,,,,,,,,,,,,,,,,
D-90,90,-17.4531,-51.0296,Farm A,Municipality 1,,,,,,,,,,,,,,,,,,,,,,,,,
D-57,57,-17.5969,-51.1735,Farm B,Municipality 1,,,,,,,,,,,,,,,,,,,,,,,,,
D-38,38,-17.4288,-51.1911,Farm B,Municipality 1,,,,,,,,,,,,,,,,,,,,,,,,,
D-29,29,-17.4718,-51.1689,Farm B,Municipality 1,,,,,,,,,,,,,,,,,,,,,,,,,
D-20,20,-17.5256,-50.9328,Farm B,Municipality 1,,,,,,,,,,,,,,,,,,,,,,,,,
D-86,86,-17.8363,-50.9202,Farm B,Municipality 1,,,,,,,,,,,,,,,,,,,,,,,,,
D-25,25,-17.5272,-51.0634,Farm B,Municipality 1,,,,,,,,,,,,,,,,,,,,,,,,,
D-03,3,-17.7095,-50.9976,Farm B,Municipality 1,,,,,,,,,,,,,,,,,,,,,,,,,
D-88,88,-17.8351,-50.9221,Farm A,Municipality 1,,,,,,,,,,,,,,,,,,,,,,,,,
D-69,69,-17.4325,-51.0458,Farm B,Municipality 1,,,,,,,,,,,,,,,,,,,,,,,,,
D-69,69,-17.4572,-51.0526,Farm A,Municipality 1,,,,,,,,,,,,,,,,,,,,,,,,,
D-68,68,-17.6075,-51.1381,Farm B,Municipality 1,,,,,,,,,,,,,,,,,,,,,,,,,
D-30,30,-17.5661,-51.1483,Farm B,Municipality 1,,Anual,Soja,,Verão,2026-02-28,21.6943,4.8585,0.2602,412.001,219.829,0.5336,4.4652,0.09869,0.6573,132.497,35.21,9.5,1.78,36.14,9.77,1.85,1.88,V4,97.32
D-73,73,-17.4866,-50.9819,Farm A,Municipality 1,,,,,,,,,,,,,,,,,,,,,,,,,
D-17,17,-17.8917,-50.8028,Farm B,Municipality 1,,Anual,Soja,,Verão,2026-01-23,17.7007,4.0767,0.2353,425.805,231.407,0.5435,4.342,0.07649,0.7169,150.76,29.98,11.18,2.06,30.36,11.22,2.01,1.79,R1,81.98
D-20,20,-17.7796,-51.0557,Farm B,Municipality 1,,,,,,,,,,,,,,,,,,,,,,,,,
D-14,14,-17.668,-50.823,Farm A,Municipality 1,,,,,,,,,,,,,,,,,,,,,,,,,
D-90,90,-17.5382,-50.9791,Farm A,Municipality 1,,,,,,,,,,,,,,,,,,,,,,,,,
D-21,21,-17.8118,-51.013,Farm A,Municipality 1,,,,,,,,,,,,,,,,,,,,,,,,,
D-60,60,-17.4891,-51.0762,Farm B,Municipality 1,,,,,,,,,,,,,,,,,,,,,,,,,
D-27,27,-17.5785,-50.8531,Farm B,Municipality 1,,,,,,,,,,,,,,,,,,,,,,,,,
D-81,81,-17.6855,-51.0421,Farm A,Municipality 1,,,,,,,,,,,,,,,,,,,,,,,,,
D-46,46,-17.4298,-50.8252,Farm A,Municipality 1,,,,,,,,,,,,,,,,,,,,,,,,,
D-13,13,-17.8515,-50.8399,Farm B,Municipality 1,,,,,,,,,,,,,,,,,,,,,,,,,
D-06,6,-17.5696,-51.0273,Farm B,Municipality 1,,,,,,,,,,,,,,,,,,,,,,,,,
D-30,30,-17.4748,-50.8015,Farm B,Municipality 1,,,,,,,,,,,,,,,,,,,,,,,,,
D-44,44,-17.4665,-51.0541,Farm A,Municipality 1,,,,,,,,,,,,,,,,,,,,,,,,,
D-30,30,-17.7276,-50.9639,Farm A,Municipality 1,,,,,,,,,,,,,,,,,,,,,,,,,
D-26,26,-17.504,-51.0393,Farm B,Municipality 1,,,,,,,,,,,,,,,,,,,,,,,,,
D-06,6,-17.7692,-51.0887,Farm A,Municipality 1,,,,,,,,,,,,,,,,,,,,,,,,,
D-48,48,-17.5121,-50.8913,Farm A,Municipality 1,,,,,,,,,,,,,,,,,,,,,,,,,
D-88,88,-17.5858,-51.0316,Farm B,Municipality 1,,,,,,,,,,,,,,,,,,,,,,,,,
D-72,72,-17.8836,-51.0883,Farm A,Municipality 1,,,,,,,,,,,,,,,,,,,,,,,,,
D-64,64,-17.8346,-50.8772,Farm B,Municipality 1,,,,,,,,,,,,,,,,,,,,,,,,,
D-29,29,-17.6018,-51.0741,Farm B,Municipality 1,,,,,,,,,,,,,,,,,,,,,,,,,
D-39,39,-17.8446,-50.9565,Farm B,Municipality 1,,,,,,,,,,,,,,,,,,,,,,,,,
D-85,85,-17.573,-50.8405,Farm A,Municipality 1,,,,,,,,,,,,,,,,,,,,,,,,,
D-18,18,-17.7017,-51.0424,Farm B,Municipality 1,,,,,,,,,,,,,,,,,,,,,,,,,
D-56,56,-17.4427,-50.9148,Farm B,Municipality 1,,,,,,,,,,,,,,,,,,,,,,,,,
D-16,16,-17.8532,-50.9801,Farm A,Municipality 1,,,,,,,,,,,,,,,,,,,,,,,,,
D-47,47,-17.8635,-51.1707,Farm B,Municipality 1,,,,,,,,,,,,,,,,,,,,,,,,,
D-79,79,-17.4568,-50.9339,Farm B,Municipality 1,,,,,,,,,,,,,,,,,,,,,,,,,
D-47,47,-17.6922,-50.9644,Farm A,Municipality 1,,,,,,,,,,,,,,,,,,,,,,,,,
D-78,78,-17.8632,-51.1957,Farm B,Municipality 1,,,,,,,,,,,,,,,,,,,,,,,,,
D-03,3,-17.7452,-51.1199,Farm B,Municipality 1,,,,,,,,,,,,,,,,,,,,,,,,,
D-40,40,-17.7888,-50.874,Farm B,Municipality 1,,,,,,,,,,,,,,,,,,,,,,,,,
D-33,33,-17.7059,-51.0618,Farm B,Municipality 1,,,,,,,,,,,,,,,,,,,,,,,,,
D-33,33,-17.5938,-51.1719,Farm B,Municipality 1,,,,,,,,,,,,,,,,,,,,,,,,,
D-73,73,-17.8204,-50.8079,Farm B,Municipality 1,,,,,,,,,,,,,,,,,,,,,,,,,
D-76,76,-17.7503,-50.9271,Farm B,Municipality 1,,,,,,,,,,,,,,,,,,,,,,,,,
D-01,1,-17.7361,-50.999,Farm A,Municipality 1,,,,,,,,,,,,,,,,,,,,,,,,,
D-50,50,-17.7398,-51.0866,Farm B,Municipality 1,,,,,,,,,,,,,,,,,,,,,,,,,
D-56,56,-17.788,-51.0852,Farm B,Municipality 1,,,,,,,,,,,,,,,,,,,,,,,,,
D-61,61,-17.6357,-50.8669,Farm A,Municipality 1,,,,,,,,,,,,,,,,,,,,,,,,,
D-07,7,-17.6002,-51.1714,Farm A,Municipality 1,,,,,,,,,,,,,,,,,,,,,,,,,
D-75,75,-17.5066,-50.8364,Farm A,Municipality 1,,,,,,,,,,,,,,,,,,,,,,,,,
D-89,89,-17.8652,-51.0027,Farm A,Municipality 1,,,,,,,,,,,,,,,,,,,,,,,,,
D-83,83,-17.4197,-50.9113,Farm B,Municipality 1,,,,,,,,,,,,,,,,,,,,,,,,,
D-70,70,-17.8654,-50.9088,Farm A,Municipality 1,,,,,,,,,,,,,,,,,,,,,,,,,
D-73,73,-17.8876,-51.028,Farm B,Municipality 1,,,,,,,,,,,,,,,,,,,,,,,,,
D-06,6,-17.6248,-51.1687,Farm B,Municipality 1,,,,,,,,,,,,,,,,,,,,,,,,,
D-68,68,-17.5804,-50.8868,Farm A,Municipality 1,,,,,,,,,,,,,,,,,,,,,,,,,
D-31,31,-17.4081,-50.9874,Farm B,Municipality 1,,,,,,,,,,,,,,,,,,,,,,,,,
D-59,59,-17.8316,-50.9262,Farm A,Municipality 1,,,,,,,,,,,,,,,,,,,,,,,,,
D-59,59,-17.7421,-51.171,Farm B,Municipality 1,,,,,,,,,,,,,,,,,,,,,,,,,
D-58,58,-17.7787,-51.0903,Farm B,Municipality 1,,,,,,,,,,,,,,,,,,,,,,,,,
D-46,46,-17.411,-51.01,Farm A,Municipality 1,,,,,,,,,,,,,,,,,,,,,,,,,
D-22,22,-17.5128,-50.9476,Farm B,Municipality 1,,,,,,,,,,,,,,,,,,,,,,,,,
D-49,49,-17.8546,-51.0305,Farm A,Municipality 1,,,,,,,,,,,,,,,,,,,,,,,,,
D-19,19,-17.7863,-50.8629,Farm B,Municipality 1,,,,,,,,,,,,,,,,,,,,,,,,,
D-37,37,-17.716,-51.1123,Farm B,Municipality 1,,Anual,Soja,,Verão,2026-01-23,15.6206,3.0617,0.1788,426.054,265.994,0.6243,5.1019,0.05873,0.8231,173.156,28.19,10.73,3.1,29.22,11.11,3.01,3.36,V4,105.6
D-34,34,-17.8949,-50.8338,Farm A,Municipality 1,,,,,,,,,,,,,,,,,,,,,,,,,
D-42,42,-17.6553,-50.8858,Farm A,Municipality 1,,,,,,,,,,,,,,,,,,,,,,,,,
D-32,32,-17.7793,-51.094,Farm A,Municipality 1,,,,,,,,,,,,,,,,,,,,,,,,,
D-25,25,-17.5274,-51.1705,Farm A,Municipality 1,,,,,,,,,,,,,,,,,,,,,,,,,
D-24,24,-17.6639,-50.8729,Farm B,Municipality 1,,,,,,,,,,,,,,,,,,,,,,,,,
D-82,82,-17.4043,-51.1034,Farm B,Municipality 1,,,,,,,,,,,,,,,,,,,,,,,,,
D-40,40,-17.7172,-51.1361,Farm B,Municipality 1,,,,,,,,,,,,,,,,,,,,,,,,,
D-31,31,-17.8682,-50.8692,Farm A,Municipality 1,,,,,,,,,,,,,,,,,,,,,,,,,
D-58,58,-17.8696,-50.9804,Farm A,Municipality 1,,,,,,,,,,,,,,,,,,,,,,,,,
D-48,48,-17.8997,-51.0272,Farm A,Municipality 1,,,,,,,,,,,,,,,,,,,,,,,,,
D-53,53,-17.6515,-51.1868,Farm B,Municipality 1,,,,,,,,,,,,,,,,,,,,,,,,,
D-26,26,-17.6554,-51.1433,Farm B,Municipality 1,,,,,,,,,,,,,,,,,,,,,,,,,
D-47,47,-17.8131,-51.1769,Farm B,Municipality 1,,,,,,,,,,,,,,,,,,,,,,,,,
D-84,84,-17.4753,-51.0676,Farm B,Municipality 1,,,,,,,,,,,,,,,,,,,,,,,,,
D-55,55,-17.657,-51.0255,Farm A,Municipality 1,,,,,,,,,,,,,,,,,,,,,,,,,
D-54,54,-17.538,-50.865,Farm A,Municipality 1,,,,,,,,,,,,,,,,,,,,,,,,,
D-38,38,-17.5137,-50.8789,Farm A,Municipality 1,,,,,,,,,,,,,,,,,,,,,,,,,
D-46,46,-17.7629,-50.9083,Farm A,Municipality 1,,,,,,,,,,,,,,,,,,,,,,,,,
D-22,22,-17.6999,-51.0086,Farm B,Municipality 1,,,,,,,,,,,,,,,,,,,,,,,,,
D-01,1,-17.6966,-51.0687,Farm A,Municipality 1,,,,,,,,,,,,,,,,,,,,,,,,,
D-70,70,-17.6516,-50.9081,Farm A,Municipality 1,,,,,,,,,,,,,,,,,,,,,,,,,
D-46,46,-17.7713,-51.0034,Farm B,Municipality 1,,,,,,,,,,,,,,,,,,,,,,,,,
D-14,14,-17.6803,-51.1145,Farm A,Municipality 1,,,,,,,,,,,,,,,,,,,,,,,,,
D-10,10,-17.6437,-51.0652,Farm B,Municipality 1,,,,,,,,,,,,,,,,,,,,,,,,,
D-84,84,-17.656,-51.1402,Farm A,Municipality 1,,,,,,,,,,,,,,,,,,,,,,,,,
D-27,27,-17.4219,-51.0884,Farm B,Municipality 1,,,,,,,,,,,,,,,,,,,,,,,,,
D-25,25,-17.7132,-51.1464,Farm B,Municipality 1,,,,,,,,,,,,,,,,,,,,,,,,,
D-30,30,-17.7168,-50.9015,Farm B,Municipality 1,,,,,,,,,,,,,,,,,,,,,,,,,
D-80,80,-17.4379,-50.8941,Farm A,Municipality 1,,,,,,,,,,,,,,,,,,,,,,,,,
D-62,62,-17.6453,-51.1194,Farm B,Municipality 1,,,,,,,,,,,,,,,,,,,,,,,,,
D-37,37,-17.5218,-51.0714,Farm B,Municipality 1,,,,,,,,,,,,,,,,,,,,,,,,,
D-08,8,-17.8455,-50.922,Farm B,Municipality 1,,,,,,,,,,,,,,,,,,,,,,,,,
D-14,14,-17.6234,-51.0624,Farm B,Municipality 1,,,,,,,,,,,,,,,,,,,,,,,,,
D-35,35,-17.79,-50.8258,Farm B,Municipality 1,,,,,,,,,,,,,,,,,,,,,,,,,
D-36,36,-17.4538,-51.108,Farm A,Municipality 1,,,,,,,,,,,,,,,,,,,,,,,,,
D-48,48,-17.4889,-51.1133,Farm A,Municipality 1,,,,,,,,,,,,,,,,,,,,,,,,,
D-04,4,-17.7313,-50.9556,Farm B,Municipality 1,,,,,,,,,,,,,,,,,,,,,,,,,
D-45,45,-17.4361,-50.9596,Farm A,Municipality 1,,,,,,,,,,,,,,,,,,,,,,,,,
D-17,17,-17.7792,-50.9525,Farm A,Municipality 1,,,,,,,,,,,,,,,,,,,,,,,,,
D-34,34,-17.6725,-50.9528,Farm A,Municipality 1,,,,,,,,,,,,,,,,,,,,,,,,,
D-90,90,-17.88,-50.8328,Farm A,Municipality 1,,,,,,,,,,,,,,,,,,,,,,,,,
D-22,22,-17.452,-51.0067,Farm B,Municipality 1,,,,,,,,,,,,,,,,,,,,,,,,,
D-10,10,-17.628,-50.8456,Farm B,Municipality 1,,,,,,,,,,,,,,,,,,,,,,,,,
D-66,66,-17.5817,-51.0367,Farm B,Municipality 1,,,,,,,,,,,,,,,,,,,,,,,,,
D-12,12,-17.8582,-51.0439,Farm A,Municipality 1,,,,,,,,,,,,,,,,,,,,,,,,,
D-40,40,-17.7872,-50.8883,Farm A,Municipality 1,,,,,,,,,,,,,,,,,,,,,,,,,
D-79,79,-17.7464,-50.9566,Farm B,Municipality 1,,,,,,,,,,,,,,,,,,,,,,,,,
D-44,44,-17.6219,-51.1135,Farm A,Municipality 1,,,,,,,,,,,,,,,,,,,,,,,,,
D-28,28,-17.7181,-50.9103,Farm A,Municipality 1,,,,,,,,,,,,,,,,,,,,,,,,,
D-69,69,-17.4106,-50.9021,Farm B,Municipality 1,,,,,,,,,,,,,,,,,,,,,,,,,
D-38,38,-17.6795,-50.9028,Farm A,Municipality 1,,,,,,,,,,,,,,,,,,,,,,,,,
D-13,13,-17.4911,-50.883,Farm A,Municipality 1,,,,,,,,,,,,,,,,,,,,,,,,,
D-46,46,-17.7414,-50.9384,Farm B,Municipality 1,,,,,,,,,,,,,,,,,,,,,,,,,
D-78,78,-17.7328,-51.1336,Farm A,Municipality 1,,,,,,,,,,,,,,,,,,,,,,,,,
D-32,32,-17.5177,-50.895,Farm B,Municipality 1,,Anual,Soja,,Verão,2025-12-19,14.801,4.113,0.2619,415.815,242.156,0.5824,3.5986,0.06112,0.6455,113.328,30.71,8.13,3.45,32.92,8.25,3.55,3.48,R1,93.89
D-35,35,-17.6757,-50.8687,Farm A,Municipality 1,,,,,,,,,,,,,,,,,,,,,,,,,
D-67,67,-17.4094,-50.9312,Farm B,Municipality 1,,,,,,,,,,,,,,,,,,,,,,,,,
D-22,22,-17.6764,-51.0405,Farm B,Municipality 1,,,,,,,,,,,,,,,,,,,,,,,,,
D-88,88,-17.5464,-50.8048,Farm B,Municipality 1,,,,,,,,,,,,,,,,,,,,,,,,,
D-61,61,-17.6231,-50.9696,Farm B,Municipality 1,,,,,,,,,,,,,,,,,,,,,,,,,
D-13,13,-17.7707,-50.9348,Farm A,Municipality 1,,,,,,,,,,,,,,,,,,,,,,,,,
D-31,31,-17.6681,-51.0265,Farm B,Municipality 1,,,,,,,,,,,,,,,,,,,,,,,,,
D-04,4,-17.6933,-50.8704,Farm B,Municipality 1,,,,,,,,,,,,,,,,,,,,,,,,,
D-26,26,-17.8568,-51.0288,Farm A,Municipality 1,,,,,,,,,,,,,,,,,,,,,,,,,
D-83,83,-17.4502,-51.1563,Farm B,Municipality 1,,,,,,,,,,,,,,,,,,,,,,,,,
D-76,76,-17.6254,-50.9801,Farm A,Municipality 1,,,,,,,,,,,,,,,,,,,,,,,,,
D-65,65,-17.6687,-50.8741,Farm B,Municipality 1,,,,,,,,,,,,,,,,,,,,,,,,,
D-30,30,-17.6861,-51.0881,Farm A,Municipality 1,,,,,,,,,,,,,,,,,,,,,,,,,
D-32,32,-17.8457,-51.1945,Farm B,Municipality 1,,,,,,,,,,,,,,,,,,,,,,,,,
D-66,66,-17.8483,-50.9449,Farm A,Municipality 1,,,,,,,,,,,,,,,,,,,,,,,,,
D-22,22,-17.7607,-50.9408,Farm B,Municipality 1,,,,,,,,,,,,,,,,,,,,,,,,,
D-77,77,-17.5299,-51.0671,Farm B,Municipality 1,,,,,,,,,,,,,,,,,,,,,,,,,
D-18,18,-17.4199,-51.1488,Farm B,Municipality 1,,,,,,,,,,,,,,,,,,,,,,,,,
D-16,16,-17.6022,-51.0333,Farm B,Municipality 1,,,,,,,,,,,,,,,,,,,,,,,,,
D-13,13,-17.6226,-51.1919,Farm A,Municipality 1,,,,,,,,,,,,,,,,,,,,,,,,,
D-63,63,-17.4075,-50.8376,Farm B,Municipality 1,,,,,,,,,,,,,,,,,,,,,,,,,
D-67,67,-17.6819,-50.9684,Farm A,Municipality 1,,,,,,,,,,,,,,,,,,,,,,,,,
D-34,34,-17.4979,-51.0963,Farm A,Municipality 1,,,,,,,,,,,,,,,,,,,,,,,,,
D-26,26,-17.5017,-51.0957,Farm A,Municipality 1,,,,,,,,,,,,,,,,,,,,,,,,,
D-08,8,-17.4315,-50.9816,Farm B,Municipality 1,,,,,,,,,,,,,,,,,,,,,,,,,
D-19,19,-17.8785,-50.9739,Farm A,Municipality 1,,,,,,,,,,,,,,,,,,,,,,,,,
D-48,48,-17.6481,-50.8312,Farm B,Municipality 1,,,,,,,,,,,,,,,,,,,,,,,,,
D-01,1,-17.5091,-51.0287,Farm A,Municipality 1,,,,,,,,,,,,,,,,,,,,,,,,,
D-34,34,-17.8039,-51.1983,Farm A,Municipality 1,,,,,,,,,,,,,,,,,,,,,,,,,
D-74,74,-17.5516,-50.8564,Farm B,Municipality 1,,,,,,,,,,,,,,,,,,,,,,,,,
D-24,24,-17.6318,-51.1049,Farm B,Municipality 1,,,,,,,,,,,,,,,,,,,,,,,,,
D-13,13,-17.8428,-50.8592,Farm A,Municipality 1,,,,,,,,,,,,,,,,,,,,,,,,,
D-30,30,-17.8697,-51.0524,Farm A,Municipality 1,,,,,,,,,,,,,,,,,,,,,,,,,
D-31,31,-17.6614,-51.0023,Farm A,Municipality 1,,,,,,,,,,,,,,,,,,,,,,,,,
D-66,66,-17.6957,-50.9621,Farm B,Municipality 1,,,,,,,,,,,,,,,,,,,,,,,,,
D-61,61,-17.5996,-51.025,Farm B,Municipality 1,,,,,,,,,,,,,,,,,,,,,,,,,
D-36,36,-17.7227,-51.1346,Farm B,Municipality 1,,,,,,,,,,,,,,,,,,,,,,,,,
D-04,4,-17.6198,-51.063,Farm A,Municipality 1,,,,,,,,,,,,,,,,,,,,,,,,,
D-54,54,-17.6847,-51.1672,Farm A,Municipality 1,,,,,,,,,,,,,,,,,,,,,,,,,
D-33,33,-17.4688,-51.1154,Farm B,Municipality 1,,,,,,,,,,,,,,,,,,,,,,,,,
D-43,43,-17.554,-50.9408,Farm B,Municipality 1,,,,,,,,,,,,,,,,,,,,,,,,,
D-28,28,-17.4562,-51.0867,Farm B,Municipality 1,,,,,,,,,,,,,,,,,,,,,,,,,
D-50,50,-17.6488,-50.8115,Farm B,Municipality 1,,,,,,,,,,,,,,,,,,,,,,,,,
D-41,41,-17.5625,-50.8479,Farm A,Municipality 1,,,,,,,,,,,,,,,,,,,,,,,,,
D-75,75,-17.663,-50.9677,Farm A,Municipality 1,,,,,,,,,,,,,,,,,,,,,,,,,
D-08,8,-17.6678,-51.1163,Farm A,Municipality 1,,,,,,,,,,,,,,,,,,,,,,,,,
D-30,30,-17.7779,-50.8582,Farm A,Municipality 1,,,,,,,,,,,,,,,,,,,,,,,,,
D-19,19,-17.4153,-51.13,Farm B,Municipality 1,,,,,,,,,,,,,,,,,,,,,,,,,
D-57,57,-17.6682,-50.8102,Farm A,Municipality 1,,,,,,,,,,,,,,,,,,,,,,,,,
D-65,65,-17.874,-50.843,Farm A,Municipality 1,,,,,,,,,,,,,,,,,,,,,,,,,
D-20,20,-17.8172,-50.9366,Farm A,Municipality 1,,,,,,,,,,,,,,,,,,,,,,,,,
D-81,81,-17.5958,-51.1289,Farm A,Municipality 1,,,,,,,,,,,,,,,,,,,,,,,,,
D-37,37,-17.7867,-50.8728,Farm B,Municipality 1,,,,,,,,,,,,,,,,,,,,,,,,,
D-62,62,-17.5009,-50.8452,Farm B,Municipality 1,,,,,,,,,,,,,,,,,,,,,,,,,
D-31,31,-17.8828,-50.9165,Farm B,Municipality 1,,,,,,,,,,,,,,,,,,,,,,,,,
D-42,42,-17.5338,-50.9178,Farm B,Municipality 1,,,,,,,,,,,,,,,,,,,,,,,,,
D-50,50,-17.8271,-51.1093,Farm B,Municipality 1,,,,,,,,,,,,,,,,,,,,,,,,,
D-72,72,-17.4624,-50.8699,Farm B,Municipality 1,,,,,,,,,,,,,,,,,,,,,,,,,
D-80,80,-17.7587,-50.9613,Farm B,Municipality 1,,,,,,,,,,,,,,,,,,,,,,,,,
D-37,37,-17.8148,-50.9429,Farm B,Municipality 1,,,,,,,,,,,,,,,,,,,,,,,,,
D-54,54,-17.4386,-50.8333,Farm B,Municipality 1,,,,,,,,,,,,,,,,,,,,,,,,,
D-04,4,-17.4969,-51.1577,Farm A,Municipality 1,,,,,,,,,,,,,,,,,,,,,,,,,
D-24,24,-17.7967,-51.075,Farm A,Municipality 1,,,,,,,,,,,,,,,,,,,,,,,,,
D-26,26,-17.582,-50.8838,Farm A,Municipality 1,,,,,,,,,,,,,,,,,,,,,,,,,
D-06,6,-17.8176,-51.0848,Farm A,Municipality 1,,,,,,,,,,,,,,,,,,,,,,,,,
D-67,67,-17.7292,-51.1349,Farm A,Municipality 1,,,,,,,,,,,,,,,,,,,,,,,,,
D-84,84,-17.7239,-50.9154,Farm A,Municipality 1,,,,,,,,,,,,,,,,,,,,,,,,,
D-33,33,-17.4708,-51.1265,Farm A,Municipality 1,,,,,,,,,,,,,,,,,,,,,,,,,
D-62,62,-17.8805,-51.0022,Farm A,Municipality 1,,,,,,,,,,,,,,,,,,,,,,,,,
D-44,44,-17.5431,-50.8011,Farm A,Municipality 1,,,,,,,,,,,,,,,,,,,,,,,,,
D-49,49,-17.4977,-50.9862,Farm B,Municipality 1,,,,,,,,,,,,,,,,,,,,,,,,,
D-54,54,-17.899,-50.8188,Farm A,Municipality 1,,,,,,,,,,,,,,,,,,,,,,,,,
D-13,13,-17.4993,-50.9583,Farm A,Municipality 1,,,,,,,,,,,,,,,,,,,,,,,,,
D-34,34,-17.558,-50.9647,Farm B,Municipality 1,,,,,,,,,,,,,,,,,,,,,,,,,
D-26,26,-17.7225,-50.9438,Farm B,Municipality 1,,,,,,,,,,,,,,,,,,,,,,,,,
D-07,7,-17.7712,-50.8534,Farm A,Municipality 1,,,,,,,,,,,,,,,,,,,,,,,,,
D-45,45,-17.4854,-51.0891,Farm B,Municipality 1,,,,,,,,,,,,,,,,,,,,,,,,,
D-89,89,-17.7141,-51.1817,Farm A,Municipality 1,,,,,,,,,,,,,,,,,,,,,,,,,
D-63,63,-17.4787,-50.8968,Farm B,Municipality 1,,,,,,,,,,,,,,,,,,,,,,,,,
D-06,6,-17.5317,-51.0161,Farm B,Municipality 1,,,,,,,,,,,,,,,,,,,,,,,,,
D-15,15,-17.5698,-50.9888,Farm A,Municipality 1,,,,,,,,,,,,,,,,,,,,,,,,,
D-52,52,-17.6196,-51.1605,Farm A,Municipality 1,,,,,,,,,,,,,,,,,,,,,,,,,
D-15,15,-17.807,-51.0707,Farm A,Municipality 1,,,,,,,,,,,,,,,,,,,,,,,,,
D-41,41,-17.8261,-51.0586,Farm B,Municipality 1,,,,,,,,,,,,,,,,,,,,,,,,,
D-87,87,-17.8742,-50.8268,Farm A,Municipality 1,,,,,,,,,,,,,,,,,,,,,,,,,
D-05,5,-17.4149,-50.8376,Farm A,Municipality 1,,,,,,,,,,,,,,,,,,,,,,,,,
D-27,27,-17.8237,-50.925,Farm A,Municipality 1,,,,,,,,,,,,,,,,,,,,,,,,,
D-33,33,-17.5561,-51.1837,Farm B,Municipality 1,,,,,,,,,,,,,,,,,,,,,,,,,
D-08,8,-17.4909,-50.9663,Farm A,Municipality 1,,,,,,,,,,,,,,,,,,,,,,,,,
D-28,28,-17.6636,-50.82,Farm B,Municipality 1,,Anual,Soja,,Verão,2026-01-23,17.8139,3.846,0.203,414.151,227.791,0.55,4.6318,0.0782,0.635,136.991,22.79,14.31,2.77,23.9,14.61,2.93,2.42,R1,91.62
D-74,74,-17.6311,-51.0248,Farm A,Municipality 1,,,,,,,,,,,,,,,,,,,,,,,,,
D-85,85,-17.7634,-51.0127,Farm B,Municipality 1,,,,,,,,,,,,,,,,,,,,,,,,,
D-09,9,-17.4853,-51.0891,Farm B,Municipality 1,,,,,,,,,,,,,,,,,,,,,,,,,
D-81,81,-17.6763,-50.9002,Farm A,Municipality 1,,,,,,,,,,,,,,,,,,,,,,,,,
D-54,54,-17.573,-50.916,Farm B,Municipality 1,,,,,,,,,,,,,,,,,,,,,,,,,
D-62,62,-17.48,-50.8484,Farm B,Municipality 1,,,,,,,,,,,,,,,,,,,,,,,,,
D-10,10,-17.5605,-51.1715,Farm A,Municipality 1,,,,,,,,,,,,,,,,,,,,,,,,,
D-51,51,-17.4295,-51.1331,Farm A,Municipality 1,,,,,,,,,,,,,,,,,,,,,,,,,
D-33,33,-17.4817,-51.1565,Farm B,Municipality 1,,,,,,,,,,,,,,,,,,,,,,,,,
D-59,59,-17.8965,-50.9615,Farm A,Municipality 1,,,,,,,,,,,,,,,,,,,,,,,,,
D-36,36,-17.4669,-50.831,Farm A,Municipality 1,,,,,,,,,,,,,,,,,,,,,,,,,
D-87,87,-17.7922,-51.092,Farm A,Municipality 1,,,,,,,,,,,,,,,,,,,,,,,,,
D-57,57,-17.8918,-50.8168,Farm B,Municipality 1,,,,,,,,,,,,,,,,,,,,,,,,,
D-04,4,-17.7259,-50.854,Farm A,Municipality 1,,,,,,,,,,,,,,,,,,,,,,,,,
D-38,38,-17.5126,-51.0675,Farm A,Municipality 1,,,,,,,,,,,,,,,,,,,,,,,,,
D-24,24,-17.856,-51.0104,Farm B,Municipality 1,,,,,,,,,,,,,,,,,,,,,,,,,
D-63,63,-17.7074,-50.8014,Farm B,Municipality 1,,,,,,,,,,,,,,,,,,,,,,,,,
D-45,45,-17.7828,-50.9797,Farm B,Municipality 1,,,,,,,,,,,,,,,,,,,,,,,,,
D-19,19,-17.5024,-50.8216,Farm A,Municipality 1,,Perene,Cana-de-açúcar,,Verão,2025-12-19,21.7157,7.006,0.2651,429.565,264.317,0.6153,3.0996,0.08216,0.7583,136.171,22.14,9.45,4.31,21.13,9.69,4.6,4.46,V4,39.17
D-73,73,-17.8555,-51.1905,Farm B,Municipality 1,,,,,,,,,,,,,,,,,,,,,,,,,
D-40,40,-17.7593,-50.9219,Farm B,Municipality 1,,,,,,,,,,,,,,,,,,,,,,,,,
D-25,25,-17.5746,-51.1536,Farm A,Municipality 1,,,,,,,,,,,,,,,,,,,,,,,,,
D-66,66,-17.5047,-50.8601,Farm B,Municipality 1,,,,,,,,,,,,,,,,,,,,,,,,,
D-78,78,-17.8741,-51.0089,Farm B,Municipality 1,,,,,,,,,,,,,,,,,,,,,,,,,
D-03,3,-17.7858,-50.9631,Farm A,Municipality 1,,,,,,,,,,,,,,,,,,,,,,,,,
D-02,2,-17.4202,-51.1087,Farm B,Municipality 1,,,,,,,,,,,,,,,,,,,,,,,,,
D-05,5,-17.8876,-50.829,Farm B,Municipality 1,,Anual,Soja,,Verão,2026-02-28,12.2842,2.9597,0.1581,405.044,260.606,0.6434,4.1505,0.04714,0.7644,164.109,28.26,8.7,3.82,26.08,8.65,3.89,3.6,R1,88.8
D-55,55,-17.4379,-50.8714,Farm B,Municipality 1,,,,,,,,,,,,,,,,,,,,,,,,,
D-84,84,-17.8512,-50.9406,Farm B,Municipality 1,,,,,,,,,,,,,,,,,,,,,,,,,
D-44,44,-17.6422,-51.0074,Farm A,Municipality 1,,,,,,,,,,,,,,,,,,,,,,,,,
D-46,46,-17.7506,-50.978,Farm A,Municipality 1,,,,,,,,,,,,,,,,,,,,,,,,,
D-66,66,-17.5432,-50.8029,Farm B,Municipality 1,,,,,,,,,,,,,,,,,,,,,,,,,
D-45,45,-17.7249,-51.1951,Farm A,Municipality 1,,,,,,,,,,,,,,,,,,,,,,,,,
D-33,33,-17.4719,-50.8918,Farm A,Municipality 1,,,,,,,,,,,,,,,,,,,,,,,,,
D-74,74,-17.6892,-50.9766,Farm A,Municipality 1,,,,,,,,,,,,,,,,,,,,,,,,,
D-81,81,-17.4968,-51.0766,Farm A,Municipality 1,,,,,,,,,,,,,,,,,,,,,,,,,
D-67,67,-17.7004,-51.186,Farm A,Municipality 1,,,,,,,,,,,,,,,,,,,,,,,,,
D-10,10,-17.6181,-50.9116,Farm A,Municipality 1,,,,,,,,,,,,,,,,,,,,,,,,,
D-03,3,-17.7262,-50.935,Farm B,Municipality 1,,,,,,,,,,,,,,,,,,,,,,,,,
D-22,22,-17.6593,-50.8163,Farm B,Municipality 1,,Anual,Soja,,Verão,2025-12-19,14.2145,2.9727,0.2165,415.672,218.663,0.526,4.7817,0.06501,0.7367,119.867,25.97,9.25,3.06,23.03,9.24,3.01,3.04,R1,84.44
D-28,28,-17.5605,-51.1638,Farm B,Municipality 1,,,,,,,,,,,,,,,,,,,,,,,,,
D-75,75,-17.4617,-50.989,Farm B,Municipality 1,,,,,,,,,,,,,,,,,,,,,,,,,
D-07,7,-17.4361,-51.134,Farm A,Municipality 1,,,,,,,,,,,,,,,,,,,,,,,,,
D-21,21,-17.4353,-51.0675,Farm A,Municipality 1,,,,,,,,,,,,,,,,,,,,,,,,,
D-77,77,-17.6642,-50.8632,Farm B,Municipality 1,,,,,,,,,,,,,,,,,,,,,,,,,
D-15,15,-17.8612,-50.8501,Farm B,Municipality 1,,,,,,,,,,,,,,,,,,,,,,,,,
D-60,60,-17.6815,-51.0641,Farm B,Municipality 1,,,,,,,,,,,,,,,,,,,,,,,,,
D-09,9,-17.6344,-50.8883,Farm B,Municipality 1,,,,,,,,,,,,,,,,,,,,,,,,,
D-57,57,-17.8453,-51.1619,Farm B,Municipality 1,,,,,,,,,,,,,,,,,,,,,,,,,
D-73,73,-17.6146,-51.0743,Farm A,Municipality 1,,,,,,,,,,,,,,,,,,,,,,,,,
D-45,45,-17.8978,-50.9971,Farm B,Municipality 1,,,,,,,,,,,,,,,,,,,,,,,,,
D-88,88,-17.4904,-51.0029,Farm B,Municipality 1,,,,,,,,,,,,,,,,,,,,,,,,,
D-86,86,-17.8511,-51.0896,Farm B,Municipality 1,,,,,,,,,,,,,,,,,,,,,,,,,
D-79,79,-17.7018,-50.9445,Farm A,Municipality 1,,,,,,,,,,,,,,,,,,,,,,,,,
D-14,14,-17.5234,-50.9369,Farm B,Municipality 1,,,,,,,,,,,,,,,,,,,,,,,,,
D-45,45,-17.7033,-50.8428,Farm B,Municipality 1,,,,,,,,,,,,,,,,,,,,,,,,,
D-54,54,-17.7949,-51.0763,Farm A,Municipality 1,,,,,,,,,,,,,,,,,,,,,,,,,
D-05,5,-17.5956,-51.0931,Farm A,Municipality 1,,,,,,,,,,,,,,,,,,,,,,,,,
D-59,59,-17.5603,-51.1038,Farm A,Municipality 1,,,,,,,,,,,,,,,,,,,,,,,,,
D-73,73,-17.8675,-51.178,Farm B,Municipality 1,,,,,,,,,,,,,,,,,,,,,,,,,
D-61,61,-17.7829,-50.9079,Farm A,Municipality 1,,,,,,,,,,,,,,,,,,,,,,,,,
D-52,52,-17.6759,-51.0882,Farm B,Municipality 1,,,,,,,,,,,,,,,,,,,,,,,,,
D-85,85,-17.8331,-50.9225,Farm B,Municipality 1,,,,,,,,,,,,,,,,,,,,,,,,,
D-51,51,-17.7536,-51.1509,Farm A,Municipality 1,,,,,,,,,,,,,,,,,,,,,,,,,
D-34,34,-17.6007,-51.0585,Farm A,Municipality 1,,,,,,,,,,,,,,,,,,,,,,,,,
D-48,48,-17.7671,-50.9984,Farm B,Municipality 1,,,,,,,,,,,,,,,,,,,,,,,,,
D-80,80,-17.7683,-51.0326,Farm B,Municipality 1,,,,,,,,,,,,,,,,,,,,,,,,,
D-20,20,-17.843,-50.8281,Farm A,Municipality 1,,,,,,,,,,,,,,,,,,,,,,,,,
D-72,72,-17.5288,-51.0103,Farm A,Municipality 1,,,,,,,,,,,,,,,,,,,,,,,,,
D-11,11,-17.4207,-50.916,Farm A,Municipality 1,,,,,,,,,,,,,,,,,,,,,,,,,
D-84,84,-17.6674,-51.112,Farm B,Municipality 1,,,,,,,,,,,,,,,,,,,,,,,,,
D-42,42,-17.5764,-51.0321,Farm A,Municipality 1,,,,,,,,,,,,,,,,,,,,,,,,,
D-41,41,-17.8858,-50.9038,Farm B,Municipality 1,,,,,,,,,,,,,,,,,,,,,,,,,
D-20,20,-17.6185,-51.0724,Farm B,Municipality 1,,,,,,,,,,,,,,,,,,,,,,,,,
D-36,36,-17.6424,-51.0621,Farm A,Municipality 1,,,,,,,,,,,,,,,,,,,,,,,,,
D-07,7,-17.6129,-51.1377,Farm A,Municipality 1,,,,,,,,,,,,,,,,,,,,,,,,,
D-21,21,-17.6303,-51.0074,Farm B,Municipality 1,,,,,,,,,,,,,,,,,,,,,,,,,
D-13,13,-17.7302,-51.1279,Farm B,Municipality 1,,,,,,,,,,,,,,,,,,,,,,,,,
D-41,41,-17.445,-51.1276,Farm B,Municipality 1,,,,,,,,,,,,,,,,,,,,,,,,,
D-27,27,-17.4251,-50.9006,Farm A,Municipality 1,,,,,,,,,,,,,,,,,,,,,,,,,
D-42,42,-17.7612,-51.0196,Farm B,Municipality 1,,,,,,,,,,,,,,,,,,,,,,,,,
D-46,46,-17.4177,-51.0942,Farm A,Municipality 1,,,,,,,,,,,,,,,,,,,,,,,,,
D-87,87,-17.5593,-51.0888,Farm B,Municipality 1,,,,,,,,,,,,,,,,,,,,,,,,,
D-43,43,-17.7819,-51.0867,Farm B,Municipality 1,,,,,,,,,,,,,,,,,,,,,,,,,
D-05,5,-17.7716,-50.8121,Farm A,Municipality 1,,,,,,,,,,,,,,,,,,,,,,,,,
D-04,4,-17.4987,-51.1495,Farm B,Municipality 1,,,,,,,,,,,,,,,,,,,,,,,,,
D-39,39,-17.7815,-50.8681,Farm A,Municipality 1,,,,,,,,,,,,,,,,,,,,,,,,,
D-60,60,-17.8511,-51.0127,Farm B,Municipality 1,,,,,,,,,,,,,,,,,,,,,,,,,
D-30,30,-17.6885,-50.8738,Farm B,Municipality 1,,,,,,,,,,,,,,,,,,,,,,,,,
D-37,37,-17.7024,-50.88,Farm A,Municipality 1,,,,,,,,,,,,,,,,,,,,,,,,,
D-46,46,-17.6232,-51.0623,Farm A,Municipality 1,,,,,,,,,,,,,,,,,,,,,,,,,
D-59,59,-17.4932,-51.1358,Farm B,Municipality 1,,,,,,,,,,,,,,,,,,,,,,,,,
D-01,1,-17.6787,-50.9459,Farm A,Municipality 1,,,,,,,,,,,,,,,,,,,,,,,,,
D-14,14,-17.7627,-51.0395,Farm A,Municipality 1,,,,,,,,,,,,,,,,,,,,,,,,,
D-77,77,-17.882,-51.0012,Farm A,Municipality 1,,,,,,,,,,,,,,,,,,,,,,,,,
D-46,46,-17.4174,-50.9605,Farm A,Municipality 1,,,,,,,,,,,,,,,,,,,,,,,,,
D-77,77,-17.8081,-51.1337,Farm A,Municipality 1,,,,,,,,,,,,,,,,,,,,,,,,,
D-11,11,-17.7795,-51.1509,Farm A,Municipality 1,,Perene,Cana-de-açúcar,,Verão,2025-12-19,18.6619,4.77,0.2371,425.448,296.725,0.6974,3.9124,0.06289,0.6465,132.87,30.14,15.61,3.25,29.57,16.78,2.97,3.02,R3,97.87
D-79,79,-17.6665,-51.0707,Farm B,Municipality 1,,,,,,,,,,,,,,,,,,,,,,,,,
D-22,22,-17.7574,-51.066,Farm B,Municipality 1,,,,,,,,,,,,,,,,,,,,,,,,,
D-31,31,-17.5928,-51.0505,Farm A,Municipality 1,,,,,,,,,,,,,,,,,,,,,,,,,
D-48,48,-17.4151,-51.1597,Farm B,Municipality 1,,,,,,,,,,,,,,,,,,,,,,,,,
D-89,89,-17.5021,-51.0235,Farm B,Municipality 1,,,,,,,,,,,,,,,,,,,,,,,,,
D-49,49,-17.7108,-50.8659,Farm B,Municipality 1,,,,,,,,,,,,,,,,,,,,,,,,,
D-63,63,-17.838,-51.1046,Farm B,Municipality 1,,,,,,,,,,,,,,,,,,,,,,,,,
D-04,4,-17.6442,-51.0197,Farm A,Municipality 1,,,,,,,,,,,,,,,,,,,,,,,,,
D-49,49,-17.6039,-51.0971,Farm B,Municipality 1,,,,,,,,,,,,,,,,,,,,,,,,,
D-62,62,-17.5724,-51.116,Farm A,Municipality 1,,,,,,,,,,,,,,,,,,,,,,,,,
D-83,83,-17.4221,-50.8077,Farm B,Municipality 1,,,,,,,,,,,,,,,,,,,,,,,,,
D-88,88,-17.5751,-51.0918,Farm B,Municipality 1,,,,,,,,,,,,,,,,,,,,,,,,,
D-17,17,-17.7869,-50.9901,Farm B,Municipality 1,,,,,,,,,,,,,,,,,,,,,,,,,
D-49,49,-17.8284,-51.0847,Farm A,Municipality 1,,,,,,,,,,,,,,,,,,,,,,,,,
D-78,78,-17.6486,-50.9979,Farm A,Municipality 1,,,,,,,,,,,,,,,,,,,,,,,,,
D-49,49,-17.4403,-51.1588,Farm A,Municipality 1,,,,,,,,,,,,,,,,,,,,,,,,,
D-76,76,-17.4819,-51.1693,Farm A,Municipality 1,,,,,,,,,,,,,,,,,,,,,,,,,
D-34,34,-17.5291,-51.1048,Farm A,Municipality 1,,,,,,,,,,,,,,,,,,,,,,,,,
D-67,67,-17.7243,-51.1133,Farm B,Municipality 1,,,,,,,,,,,,,,,,,,,,,,,,,
D-25,25,-17.727,-51.0129,Farm A,Municipality 1,,,,,,,,,,,,,,,,,,,,,,,,,
D-26,26,-17.7376,-50.9642,Farm A,Municipality 1,,,,,,,,,,,,,,,,,,,,,,,,,
D-87,87,-17.4868,-50.9265,Farm A,Municipality 1,,,,,,,,,,,,,,,,,,,,,,,,,
D-60,60,-17.8127,-50.8944,Farm A,Municipality 1,,,,,,,,,,,,,,,,,,,,,,,,,
D-16,16,-17.8364,-50.9799,Farm A,Municipality 1,,,,,,,,,,,,,,,,,,,,,,,,,
D-44,44,-17.4247,-50.873,Farm B,Municipality 1,,,,,,,,,,,,,,,,,,,,,,,,,
D-05,5,-17.5243,-51.0142,Farm A,Municipality 1,,,,,,,,,,,,,,,,,,,,,,,,,
D-76,76,-17.4897,-50.9003,Farm B,Municipality 1,,,,,,,,,,,,,,,,,,,,,,,,,
D-69,69,-17.6161,-51.1723,Farm A,Municipality 1,,,,,,,,,,,,,,,,,,,,,,,,,
D-05,5,-17.7062,-51.0546,Farm B,Municipality 1,,,,,,,,,,,,,,,,,,,,,,,,,
D-37,37,-17.7308,-50.8737,Farm B,Municipality 1,,,,,,,,,,,,,,,,,,,,,,,,,
D-47,47,-17.5469,-51.1674,Farm A,Municipality 1,,,,,,,,,,,,,,,,,,,,,,,,,
D-61,61,-17.6384,-50.8302,Farm B,Municipality 1,,,,,,,,,,,,,,,,,,,,,,,,,
D-57,57,-17.663,-50.8639,Farm B,Municipality 1,,,,,,,,,,,,,,,,,,,,,,,,,
D-07,7,-17.7351,-50.8272,Farm B,Municipality 1,,,,,,,,,,,,,,,,,,,,,,,,,
D-60,60,-17.5683,-50.9937,Farm A,Municipality 1,,,,,,,,,,,,,,,,,,,,,,,,,
D-08,8,-17.4571,-51.1136,Farm B,Municipality 1,,,,,,,,,,,,,,,,,,,,,,,,,
D-40,40,-17.5242,-50.9969,Farm A,Municipality 1,,,,,,,,,,,,,,,,,,,,,,,,,
D-48,48,-17.8092,-50.9881,Farm A,Municipality 1,,,,,,,,,,,,,,,,,,,,,,,,,
D-82,82,-17.8311,-50.9376,Farm A,Municipality 1,,,,,,,,,,,,,,,,,,,,,,,,,
D-67,67,-17.85,-51.1343,Farm A,Municipality 1,,,,,,,,,,,,,,,,,,,,,,,,,
D-28,28,-17.777,-50.9552,Farm B,Municipality 1,,,,,,,,,,,,,,,,,,,,,,,,,
D-17,17,-17.7355,-50.9806,Farm A,Municipality 1,,,,,,,,,,,,,,,,,,,,,,,,,
D-36,36,-17.8284,-51.1014,Farm A,Municipality 1,,,,,,,,,,,,,,,,,,,,,,,,,
D-21,21,-17.8561,-50.9115,Farm B,Municipality 1,,,,,,,,,,,,,,,,,,,,,,,,,
D-78,78,-17.7287,-50.9404,Farm A,Municipality 1,,,,,,,,,,,,,,,,,,,,,,,,,
D-62,62,-17.7553,-50.8816,Farm A,Municipality 1,,,,,,,,,,,,,,,,,,,,,,,,,
D-09,9,-17.7518,-51.0793,Farm A,Municipality 1,,,,,,,,,,,,,,,,,,,,,,,,,
D-74,74,-17.778,-50.9704,Farm B,Municipality 1,,,,,,,,,,,,,,,,,,,,,,,,,
D-20,20,-17.4696,-51.0068,Farm B,Municipality 1,,,,,,,,,,,,,,,,,,,,,,,,,
D-86,86,-17.6517,-50.876,Farm B,Municipality 1,,,,,,,,,,,,,,,,,,,,,,,,,
D-85,85,-17.4937,-50.9055,Farm A,Municipality 1,,,,,,,,,,,,,,,,,,,,,,,,,
D-34,34,-17.4948,-51.0489,Farm A,Municipality 1,,,,,,,,,,,,,,,,,,,,,,,,,
D-24,24,-17.574,-50.9348,Farm B,Municipality 1,,,,,,,,,,,,,,,,,,,,,,,,,
D-54,54,-17.8312,-51.1982,Farm A,Municipality 1,,,,,,,,,,,,,,,,,,,,,,,,,
D-08,8,-17.8007,-50.9493,Farm A,Municipality 1,,,,,,,,,,,,,,,,,,,,,,,,,
D-15,15,-17.4733,-50.9524,Farm B,Municipality 1,,Anual,Soja,,Verão,2026-01-23,10.9486,4.1679,0.2667,421.456,290.856,0.6901,2.6269,0.03764,0.7259,145.702,33.94,7.94,1.61,32.6,7.95,1.54,1.36,V4,125.98
D-81,81,-17.5659,-50.895,Farm B,Municipality 1,,,,,,,,,,,,,,,,,,,,,,,,,
D-51,51,-17.403,-51.1845,Farm A,Municipality 1,,,,,,,,,,,,,,,,,,,,,,,,,
D-50,50,-17.5176,-50.8656,Farm A,Municipality 1,,,,,,,,,,,,,,,,,,,,,,,,,
D-55,55,-17.5621,-51.0998,Farm A,Municipality 1,,,,,,,,,,,,,,,,,,,,,,,,,
D-21,21,-17.6456,-50.9128,Farm A,Municipality 1,,,,,,,,,,,,,,,,,,,,,,,,,
D-15,15,-17.4417,-50.8094,Farm A,Municipality 1,,,,,,,,,,,,,,,,,,,,,,,,,
D-64,64,-17.6204,-51.1996,Farm B,Municipality 1,,,,,,,,,,,,,,,,,,,,,,,,,
D-84,84,-17.4079,-51.0592,Farm B,Municipality 1,,,,,,,,,,,,,,,,,,,,,,,,,
D-30,30,-17.7602,-51.1872,Farm B,Municipality 1,,,,,,,,,,,,,,,,,,,,,,,,,
D-49,49,-17.4445,-51.0381,Farm B,Municipality 1,,,,,,,,,,,,,,,,,,,,,,,,,
D-11,11,-17.4177,-51.0138,Farm B,Municipality 1,,,,,,,,,,,,,,,,,,,,,,,,,
D-88,88,-17.7674,-51.0429,Farm A,Municipality 1,,,,,,,,,,,,,,,,,,,,,,,,,
D-41,41,-17.8939,-50.9774,Farm B,Municipality 1,,,,,,,,,,,,,,,,,,,,,,,,,
D-07,7,-17.6756,-51.119,Farm B,Municipality 1,,,,,,,,,,,,,,,,,,,,,,,,,
D-42,42,-17.6785,-51.0622,Farm B,Municipality 1,,,,,,,,,,,,,,,,,,,,,,,,,
D-39,39,-17.6804,-51.0926,Farm B,Municipality 1,,,,,,,,,,,,,,,,,,,,,,,,,
D-17,17,-17.5135,-51.1731,Farm B,Municipality 1,,,,,,,,,,,,,,,,,,,,,,,,,
D-38,38,-17.5482,-51.1354,Farm B,Municipality 1,,,,,,,,,,,,,,,,,,,,,,,,,
D-16,16,-17.6509,-50.8297,Farm B,Municipality 1,,,,,,,,,,,,,,,,,,,,,,,,,
D-18,18,-17.6062,-50.9343,Farm B,Municipality 1,,,,,,,,,,,,,,,,,,,,,,,,,
D-25,25,-17.8806,-50.9385,Farm A,Municipality 1,,,,,,,,,,,,,,,,,,,,,,,,,
D-73,73,-17.8035,-51.0486,Farm A,Municipality 1,,,,,,,,,,,,,,,,,,,,,,,,,
D-32,32,-17.7439,-51.0697,Farm A,Municipality 1,,,,,,,,,,,,,,,,,,,,,,,,,
D-30,30,-17.8733,-50.9619,Farm B,Municipality 1,,,,,,,,,,,,,,,,,,,,,,,,,
D-89,89,-17.5124,-50.9351,Farm B,Municipality 1,,,,,,,,,,,,,,,,,,,,,,,,,
D-64,64,-17.7956,-51.1816,Farm A,Municipality 1,,,,,,,,,,,,,,,,,,,,,,,,,
D-01,1,-17.5342,-51.0206,Farm A,Municipality 1,,,,,,,,,,,,,,,,,,,,,,,,,
D-17,17,-17.6611,-50.8502,Farm B,Municipality 1,,,,,,,,,,,,,,,,,,,,,,,,,
D-02,2,-17.7749,-50.8494,Farm B,Municipality 1,,,,,,,,,,,,,,,,,,,,,,,,,
D-68,68,-17.6334,-51.1288,Farm B,Municipality 1,,,,,,,,,,,,,,,,,,,,,,,,,
D-60,60,-17.8377,-50.9726,Farm A,Municipality 1,,,,,,,,,,,,,,,,,,,,,,,,,
D-58,58,-17.7224,-51.0605,Farm A,Municipality 1,,,,,,,,,,,,,,,,,,,,,,,,,
D-21,21,-17.4041,-51.1058,Farm A,Municipality 1,,,,,,,,,,,,,,,,,,,,,,,,,
D-54,54,-17.5706,-50.9761,Farm A,Municipality 1,,,,,,,,,,,,,,,,,,,,,,,,,
D-11,11,-17.7656,-50.9232,Farm A,Municipality 1,,,,,,,,,,,,,,,,,,,,,,,,,
D-87,87,-17.4622,-51.0864,Farm B,Municipality 1,,,,,,,,,,,,,,,,,,,,,,,,,
D-13,13,-17.8298,-51.0324,Farm A,Municipality 1,,Perene,Cana-de-açúcar,,Verão,2025-12-19,24.9843,6.1059,0.2802,419.305,239.542,0.5713,4.0918,0.1043,0.6549,168.267,26.88,11.73,3.24,25.6,11.5,2.88,3.09,R3,91.31
D-01,1,-17.5708,-50.8682,Farm B,Municipality 1,,,,,,,,,,,,,,,,,,,,,,,,,
D-29,29,-17.5632,-51.0175,Farm A,Municipality 1,,,,,,,,,,,,,,,,,,,,,,,,,
D-90,90,-17.6726,-51.0344,Farm A,Municipality 1,,,,,,,,,,,,,,,,,,,,,,,,,
D-25,25,-17.8109,-51.1919,Farm A,Municipality 1,,,,,,,,,,,,,,,,,,,,,,,,,
D-52,52,-17.5746,-51.1487,Farm A,Municipality 1,,,,,,,,,,,,,,,,,,,,,,,,,
D-88,88,-17.6625,-50.9586,Farm A,Municipality 1,,,,,,,,,,,,,,,,,,,,,,,,,
D-86,86,-17.4465,-50.9706,Farm B,Municipality 1,,,,,,,,,,,,,,,,,,,,,,,,,
D-58,58,-17.6983,-50.8307,Farm A,Municipality 1,,,,,,,,,,,,,,,,,,,,,,,,,
D-19,19,-17.777,-51.0034,Farm B,Municipality 1,,,,,,,,,,,,,,,,,,,,,,,,,
D-35,35,-17.8381,-51.1255,Farm A,Municipality 1,,,,,,,,,,,,,,,,,,,,,,,,,
D-18,18,-17.6926,-51.0691,Farm A,Municipality 1,,,,,,,,,,,,,,,,,,,,,,,,,
D-53,53,-17.8401,-50.8004,Farm B,Municipality 1,,,,,,,,,,,,,,,,,,,,,,,,,
D-20,20,-17.7747,-51.0189,Farm B,Municipality 1,,,,,,,,,,,,,,,,,,,,,,,,,
D-28,28,-17.7806,-50.9314,Farm B,Municipality 1,,,,,,,,,,,,,,,,,,,,,,,,,
D-59,59,-17.7771,-50.9081,Farm A,Municipality 1,,,,,,,,,,,,,,,,,,,,,,,,,
D-13,13,-17.4556,-50.883,Farm B,Municipality 1,,,,,,,,,,,,,,,,,,,,,,,,,
D-01,1,-17.4885,-50.8391,Farm A,Municipality 1,,,,,,,,,,,,,,,,,,,,,,,,,
D-54,54,-17.4471,-50.9999,Farm A,Municipality 1,,,,,,,,,,,,,,,,,,,,,,,,,
D-02,2,-17.418,-50.8737,Farm A,Municipality 1,,,,,,,,,,,,,,,,,,,,,,,,,
D-59,59,-17.8096,-51.0592,Farm A,Municipality 1,,,,,,,,,,,,,,,,,,,,,,,,,
D-65,65,-17.4315,-50.9574,Farm A,Municipality 1,,,,,,,,,,,,,,,,,,,,,,,,,
D-38,38,-17.6255,-50.8222,Farm B,Municipality 1,,,,,,,,,,,,,,,,,,,,,,,,,
D-39,39,-17.5993,-50.8945,Farm B,Municipality 1,,,,,,,,,,,,,,,,,,,,,,,,,
D-73,73,-17.4385,-51.1171,Farm A,Municipality 1,,,,,,,,,,,,,,,,,,,,,,,,,
D-09,9,-17.8228,-51.0786,Farm A,Municipality 1,,,,,,,,,,,,,,,,,,,,,,,,,
D-16,16,-17.7625,-51.1895,Farm B,Municipality 1,,,,,,,,,,,,,,,,,,,,,,,,,
D-18,18,-17.8723,-51.184,Farm B,Municipality 1,,,,,,,,,,,,,,,,,,,,,,,,,
D-23,23,-17.4589,-50.9446,Farm A,Municipality 1,,,,,,,,,,,,,,,,,,,,,,,,,
D-90,90,-17.522,-51.0563,Farm B,Municipality 1,,,,,,,,,,,,,,,,,,,,,,,,,
D-43,43,-17.6948,-51.1328,Farm A,Municipality 1,,,,,,,,,,,,,,,,,,,,,,,,,
D-63,63,-17.7402,-51.0824,Farm B,Municipality 1,,,,,,,,,,,,,,,,,,,,,,,,,
D-75,75,-17.6021,-51.1524,Farm A,Municipality 1,,,,,,,,,,,,,,,,,,,,,,,,,
D-43,43,-17.6335,-50.9248,Farm B,Municipality 1,,,,,,,,,,,,,,,,,,,,,,,,,
D-50,50,-17.4725,-50.9185,Farm A,Municipality 1,,,,,,,,,,,,,,,,,,,,,,,,,
D-04,4,-17.6232,-50.9763,Farm A,Municipality 1,,Perene,Cana-de-açúcar,,Verão,2026-02-28,15.4606,2.9469,0.1918,409.889,229.289,0.5594,5.2465,0.06743,0.7298,146.889,32.84,5.95,2.83,32.15,6.64,2.78,2.51,V4,62.33
D-21,21,-17.4727,-51.04,Farm A,Municipality 1,,,,,,,,,,,,,,,,,,,,,,,,,
D-27,27,-17.7634,-50.989,Farm B,Municipality 1,,,,,,,,,,,,,,,,,,,,,,,,,
D-61,61,-17.7931,-50.84,Farm A,Municipality 1,,,,,,,,,,,,,,,,,,,,,,,,,
D-06,6,-17.5501,-51.0937,Farm A,Municipality 1,,Perene,Cana-de-açúcar,,Verão,2026-02-28,16.3081,3.9352,0.2599,414.212,207.888,0.5019,4.1442,0.07845,0.744,149.611,20.76,7.03,2.3,21.87,6.29,2.25,2.06,R3,78.22
D-52,52,-17.7369,-50.9434,Farm B,Municipality 1,,,,,,,,,,,,,,,,,,,,,,,,,
D-17,17,-17.847,-51.1097,Farm A,Municipality 1,,,,,,,,,,,,,,,,,,,,,,,,,
D-27,27,-17.5388,-50.8339,Farm B,Municipality 1,,,,,,,,,,,,,,,,,,,,,,,,,
D-13,13,-17.6917,-51.1993,Farm B,Municipality 1,,Anual,Soja,,Verão,2025-12-19,14.0165,3.3693,0.2868,413.04,286.419,0.6934,4.1601,0.04894,0.7067,130.121,23.12,8.27,3.55,23.1,8.1,3.24,3.16,V4,98.71
D-12,12,-17.5353,-50.8805,Farm B,Municipality 1,,,,,,,,,,,,,,,,,,,,,,,,,
D-72,72,-17.5721,-51.09,Farm A,Municipality 1,,,,,,,,,,,,,,,,,,,,,,,,,
D-56,56,-17.4691,-50.9431,Farm A,Municipality 1,,,,,,,,,,,,,,,,,,,,,,,,,
D-26,26,-17.5851,-50.885,Farm B,Municipality 1,,,,,,,,,,,,,,,,,,,,,,,,,
D-57,57,-17.8878,-50.9185,Farm B,Municipality 1,,,,,,,,,,,,,,,,,,,,,,,,,
D-20,20,-17.8203,-50.9307,Farm B,Municipality 1,,,,,,,,,,,,,,,,,,,,,,,,,
D-58,58,-17.4458,-50.844,Farm A,Municipality 1,,,,,,,,,,,,,,,,,,,,,,,,,
D-18,18,-17.7572,-51.0188,Farm A,Municipality 1,,,,,,,,,,,,,,,,,,,,,,,,,
D-16,16,-17.8836,-50.9071,Farm B,Municipality 1,,,,,,,,,,,,,,,,,,,,,,,,,
D-32,32,-17.4653,-50.8469,Farm B,Municipality 1,,,,,,,,,,,,,,,,,,,,,,,,,
D-81,81,-17.7619,-50.9987,Farm A,Municipality 1,,,,,,,,,,,,,,,,,,,,,,,,,
D-51,51,-17.5176,-51.0558,Farm A,Municipality 1,,,,,,,,,,,,,,,,,,,,,,,,,
D-33,33,-17.5722,-50.9235,Farm B,Municipality 1,,,,,,,,,,,,,,,,,,,,,,,,,
D-23,23,-17.6013,-50.9399,Farm B,Municipality 1,,,,,,,,,,,,,,,,,,,,,,,,,
D-41,41,-17.8157,-51.0866,Farm B,Municipality 1,,,,,,,,,,,,,,,,,,,,,,,,,
D-75,75,-17.5578,-51.1757,Farm A,Municipality 1,,,,,,,,,,,,,,,,,,,,,,,,,
D-16,16,-17.8124,-51.1122,Farm A,Municipality 1,,,,,,,,,,,,,,,,,,,,,,,,,
D-26,26,-17.5723,-51.1624,Farm A,Municipality 1,,,,,,,,,,,,,,,,,,,,,,,,,
D-62,62,-17.517,-50.8491,Farm B,Municipality 1,,,,,,,,,,,,,,,,,,,,,,,,,
D-54,54,-17.4117,-51.1254,Farm B,Municipality 1,,,,,,,,,,,,,,,,,,,,,,,,,
D-02,2,-17.7712,-51.1242,Farm B,Municipality 1,,,,,,,,,,,,,,,,,,,,,,,,,
D-17,17,-17.5887,-50.9943,Farm B,Municipality 1,,,,,,,,,,,,,,,,,,,,,,,,,
D-59,59,-17.5416,-51.0134,Farm B,Municipality 1,,,,,,,,,,,,,,,,,,,,,,,,,
D-08,8,-17.7365,-51.1646,Farm B,Municipality 1,,,,,,,,,,,,,,,,,,,,,,,,,
D-10,10,-17.5313,-51.1593,Farm A,Municipality 1,,,,,,,,,,,,,,,,,,,,,,,,,
D-36,36,-17.4707,-51.1028,Farm A,Municipality 1,,,,,,,,,,,,,,,,,,,,,,,,,
D-87,87,-17.4625,-51.1346,Farm A,Municipality 1,,,,,,,,,,,,,,,,,,,,,,,,,
D-74,74,-17.4732,-51.1061,Farm A,Municipality 1,,,,,,,,,,,,,,,,,,,,,,,,,
D-23,23,-17.6641,-50.9672,Farm A,Municipality 1,,,,,,,,,,,,,,,,,,,,,,,,,
D-64,64,-17.5757,-50.9944,Farm A,Municipality 1,,,,,,,,,,,,,,,,,,,,,,,,,
D-17,17,-17.7181,-50.8724,Farm A,Municipality 1,,,,,,,,,,,,,,,,,,,,,,,,,
D-18,18,-17.6723,-50.851,Farm B,Municipality 1,,,,,,,,,,,,,,,,,,,,,,,,,
D-14,14,-17.5984,-51.1294,Farm B,Municipality 1,,,,,,,,,,,,,,,,,,,,,,,,,
D-53,53,-17.7765,-50.8563,Farm B,Municipality 1,,,,,,,,,,,,,,,,,,,,,,,,,
D-02,2,-17.4408,-51.114,Farm B,Municipality 1,,,,,,,,,,,,,,,,,,,,,,,,,
D-67,67,-17.8898,-50.8833,Farm A,Municipality 1,,,,,,,,,,,,,,,,,,,,,,,,,
D-57,57,-17.7748,-51.0949,Farm B,Municipality 1,,,,,,,,,,,,,,,,,,,,,,,,,
D-49,49,-17.7281,-50.8203,Farm B,Municipality 1,,,,,,,,,,,,,,,,,,,,,,,,,
D-14,14,-17.5478,-51.1687,Farm A,Municipality 1,,,,,,,,,,,,,,,,,,,,,,,,,
D-31,31,-17.4377,-51.0078,Farm B,Municipality 1,,,,,,,,,,,,,,,,,,,,,,,,,
D-85,85,-17.7323,-51.1951,Farm A,Municipality 1,,,,,,,,,,,,,,,,,,,,,,,,,
D-40,40,-17.6071,-51.1218,Farm B,Municipality 1,,Anual,Soja,,Verão,2025-12-19,19.4029,4.7309,0.201,417.923,303.924,0.7272,4.1013,0.06384,0.836,206.602,33.04,10.23,3.7,31.45,9.17,3.58,3.81,R3,82.95
D-43,43,-17.4788,-50.8524,Farm A,Municipality 1,,,,,,,,,,,,,,,,,,,,,,,,,
D-49,49,-17.5467,-50.9699,Farm B,Municipality 1,,,,,,,,,,,,,,,,,,,,,,,,,
D-25,25,-17.5818,-50.971,Farm A,Municipality 1,,Perene,Cana-de-açúcar,,Verão,2026-01-23,9.7412,2.0086,0.2485,413.951,239.119,0.5776,4.8498,0.04074,0.7457,181.211,25.33,7.79,2.58,24.82,6.61,2.84,2.49,V4,107.29
D-41,41,-17.6504,-50.9521,Farm B,Municipality 1,,,,,,,,,,,,,,,,,,,,,,,,,
D-27,27,-17.7793,-50.8542,Farm B,Municipality 1,,,,,,,,,,,,,,,,,,,,,,,,,
D-61,61,-17.7694,-51.0157,Farm B,Municipality 1,,,,,,,,,,,,,,,,,,,,,,,,,
D-06,6,-17.6517,-50.8449,Farm A,Municipality 1,,,,,,,,,,,,,,,,,,,,,,,,,
D-82,82,-17.7282,-51.0189,Farm A,Municipality 1,,,,,,,,,,,,,,,,,,,,,,,,,
D-75,75,-17.5742,-50.92,Farm B,Municipality 1,,,,,,,,,,,,,,,,,,,,,,,,,
D-05,5,-17.6875,-50.8752,Farm A,Municipality 1,,,,,,,,,,,,,,,,,,,,,,,,,
D-63,63,-17.5852,-50.946,Farm A,Municipality 1,,,,,,,,,,,,,,,,,,,,,,,,,
D-12,12,-17.4153,-50.9068,Farm A,Municipality 1,,,,,,,,,,,,,,,,,,,,,,,,,
D-03,3,-17.8015,-51.1695,Farm B,Municipality 1,,,,,,,,,,,,,,,,,,,,,,,,,
D-39,39,-17.839,-51.1543,Farm A,Municipality 1,,,,,,,,,,,,,,,,,,,,,,,,,
D-02,2,-17.5219,-51.0012,Farm B,Municipality 1,,,,,,,,,,,,,,,,,,,,,,,,,
D-23,23,-17.4529,-51.0893,Farm A,Municipality 1,,,,,,,,,,,,,,,,,,,,,,,,,
D-10,10,-17.6948,-50.9772,Farm A,Municipality 1,,,,,,,,,,,,,,,,,,,,,,,,,
D-67,67,-17.6448,-50.9963,Farm A,Municipality 1,,,,,,,,,,,,,,,,,,,,,,,,,
D-29,29,-17.6924,-50.9405,Farm A,Municipality 1,,,,,,,,,,,,,,,,,,,,,,,,,
D-17,17,-17.5588,-51.1133,Farm B,Municipality 1,,,,,,,,,,,,,,,,,,,,,,,,,
D-65,65,-17.425,-51.0859,Farm B,Municipality 1,,,,,,,,,,,,,,,,,,,,,,,,,
D-13,13,-17.7155,-51.1301,Farm A,Municipality 1,,,,,,,,,,,,,,,,,,,,,,,,,
D-56,56,-17.8207,-51.0332,Farm A,Municipality 1,,,,,,,,,,,,,,,,,,,,,,,,,
D-23,23,-17.4488,-50.8814,Farm A,Municipality 1,,,,,,,,,,,,,,,,,,,,,,,,,
D-12,12,-17.8662,-50.9951,Farm B,Municipality 1,,,,,,,,,,,,,,,,,,,,,,,,,
D-90,90,-17.8995,-51.0105,Farm A,Municipality 1,,,,,,,,,,,,,,,,,,,,,,,,,
D-02,2,-17.7837,-51.1743,Farm B,Municipality 1,,,,,,,,,,,,,,,,,,,,,,,,,
D-03,3,-17.7558,-50.927,Farm A,Municipality 1,,Perene,Cana-de-açúcar,,Verão,2026-01-23,13.588,2.9187,0.2132,408.279,274.375,0.672,4.6554,0.04952,0.727,165.01,30.72,9.0,3.29,30.82,9.23,3.44,2.92,V4,78.61
D-07,7,-17.5863,-50.9664,Farm A,Municipality 1,,Perene,Cana-de-açúcar,,Verão,2025-12-19,20.4982,4.6945,0.2704,401.181,232.047,0.5784,4.3664,0.08834,0.734,135.352,20.77,11.22,2.68,21.04,11.39,3.02,2.89,R1,92.14
D-51,51,-17.7706,-50.9982,Farm B,Municipality 1,,,,,,,,,,,,,,,,,,,,,,,,,
D-51,51,-17.8068,-51.1123,Farm A,Municipality 1,,,,,,,,,,,,,,,,,,,,,,,,,
D-01,1,-17.7178,-50.8021,Farm A,Municipality 1,,,,,,,,,,,,,,,,,,,,,,,,,
D-45,45,-17.4433,-50.9928,Farm A,Municipality 1,,,,,,,,,,,,,,,,,,,,,,,,,
D-14,14,-17.4315,-50.8421,Farm A,Municipality 1,,,,,,,,,,,,,,,,,,,,,,,,,
D-26,26,-17.5516,-50.8866,Farm A,Municipality 1,,,,,,,,,,,,,,,,,,,,,,,,,
D-45,45,-17.4392,-51.0026,Farm B,Municipality 1,,,,,,,,,,,,,,,,,,,,,,,,,
D-32,32,-17.8818,-50.8579,Farm B,Municipality 1,,,,,,,,,,,,,,,,,,,,,,,,,
D-01,1,-17.8135,-51.0744,Farm B,Municipality 1,,Anual,Soja,,Verão,2025-12-19,18.8671,5.2352,0.2098,408.764,272.478,0.6666,3.6039,0.06924,0.7472,150.651,33.43,12.1,2.87,30.44,10.9,3.21,3.09,R3,70.61
D-29,29,-17.4915,-50.9257,Farm B,Municipality 1,,,,,,,,,,,,,,,,,,,,,,,,,
D-85,85,-17.5233,-51.1874,Farm A,Municipality 1,,,,,,,,,,,,,,,,,,,,,,,,,
D-88,88,-17.508,-51.0335,Farm A,Municipality 1,,,,,,,,,,,,,,,,,,,,,,,,,
D-83,83,-17.6843,-50.8721,Farm B,Municipality 1,,,,,,,,,,,,,,,,,,,,,,,,,
D-18,18,-17.8879,-50.8235,Farm A,Municipality 1,,,,,,,,,,,,,,,,,,,,,,,,,
D-27,27,-17.4322,-50.8807,Farm B,Municipality 1,,,,,,,,,,,,,,,,,,,,,,,,,
D-08,8,-17.7974,-51.0186,Farm A,Municipality 1,,,,,,,,,,,,,,,,,,,,,,,,,
D-71,71,-17.7369,-51.1061,Farm A,Municipality 1,,,,,,,,,,,,,,,,,,,,,,,,,
D-41,41,-17.757,-51.1714,Farm A,Municipality 1,,,,,,,,,,,,,,,,,,,,,,,,,
D-04,4,-17.6843,-50.874,Farm A,Municipality 1,,,,,,,,,,,,,,,,,,,,,,,,,
D-08,8,-17.6588,-50.8869,Farm A,Municipality 1,,Perene,Cana-de-açúcar,,Verão,2025-12-19,16.2864,4.5859,0.3078,405.49,240.339,0.5927,3.5514,0.06776,0.6318,164.204,21.12,12.91,2.92,25.49,13.24,2.67,2.39,V4,90.35
D-86,86,-17.5948,-50.8893,Farm B,Municipality 1,,,,,,,,,,,,,,,,,,,,,,,,,
D-03,3,-17.6604,-51.1894,Farm A,Municipality 1,,,,,,,,,,,,,,,,,,,,,,,,,
D-26,26,-17.5945,-50.9461,Farm A,Municipality 1,,Perene,Cana-de-açúcar,,Verão,2026-02-28,19.3869,3.4833,0.243,413.951,316.833,0.7654,5.5657,0.06119,0.6693,126.601,28.35,11.48,3.96,25.96,9.82,3.68,3.85,R1,79.14
D-76,76,-17.5217,-50.8037,Farm A,Municipality 1,,,,,,,,,,,,,,,,,,,,,,,,,
D-42,42,-17.4963,-51.0579,Farm B,Municipality 1,,,,,,,,,,,,,,,,,,,,,,,,,
D-21,21,-17.7114,-51.0424,Farm B,Municipality 1,,Anual,Soja,,Verão,2026-02-28,31.3514,6.5371,0.2279,417.924,238.422,0.5705,4.7959,0.1315,0.7745,169.166,32.84,9.91,2.71,33.48,8.36,2.87,2.46,V4,56.15
D-26,26,-17.435,-51.0008,Farm B,Municipality 1,,,,,,,,,,,,,,,,,,,,,,,,,
D-89,89,-17.6874,-50.8482,Farm A,Municipality 1,,,,,,,,,,,,,,,,,,,,,,,,,
D-29,29,-17.6455,-50.8372,Farm B,Municipality 1,,Anual,Soja,,Verão,2025-12-19,20.5102,3.9175,0.2018,411.138,306.547,0.7456,5.2355,0.06691,0.766,159.727,34.57,10.67,3.38,33.48,10.34,3.54,3.38,R1,91.8
D-86,86,-17.4404,-51.0498,Farm B,Municipality 1,,,,,,,,,,,,,,,,,,,,,,,,,
D-43,43,-17.599,-50.905,Farm A,Municipality 1,,,,,,,,,,,,,,,,,,,,,,,,,
D-40,40,-17.871,-50.8203,Farm A,Municipality 1,,,,,,,,,,,,,,,,,,,,,,,,,
D-67,67,-17.6265,-50.872,Farm A,Municipality 1,,,,,,,,,,,,,,,,,,,,,,,,,
D-49,49,-17.4901,-51.1988,Farm A,Municipality 1,,,,,,,,,,,,,,,,,,,,,,,,,
D-83,83,-17.545,-50.9184,Farm B,Municipality 1,,,,,,,,,,,,,,,,,,,,,,,,,
D-46,46,-17.7128,-51.1596,Farm B,Municipality 1,,Anual,Soja,,Verão,2026-01-23,17.7882,3.7122,0.1963,397.966,202.846,0.5097,4.7918,0.08769,0.7232,165.504,24.69,7.53,2.33,24.32,5.54,2.08,2.64,R3,29.44
D-12,12,-17.683,-50.9169,Farm A,Municipality 1,,,,,,,,,,,,,,,,,,,,,,,,,
D-03,3,-17.6078,-50.9923,Farm A,Municipality 1,,,,,,,,,,,,,,,,,,,,,,,,,
D-05,5,-17.5928,-50.9015,Farm B,Municipality 1,,,,,,,,,,,,,,,,,,,,,,,,,
D-03,3,-17.745,-51.0145,Farm A,Municipality 1,,,,,,,,,,,,,,,,,,,,,,,,,
D-19,19,-17.5587,-51.1403,Farm B,Municipality 1,,Anual,Soja,,Verão,2026-01-23,15.9707,4.2078,0.2009,416.738,265.755,0.6377,3.7955,0.0601,0.6959,137.763,25.48,9.12,3.35,27.64,8.19,2.82,2.88,R3,85.58
D-52,52,-17.7013,-51.1982,Farm B,Municipality 1,,,,,,,,,,,,,,,,,,,,,,,,,
D-83,83,-17.4287,-50.8197,Farm A,Municipality 1,,,,,,,,,,,,,,,,,,,,,,,,,
D-62,62,-17.6801,-50.8058,Farm A,Municipality 1,,,,,,,,,,,,,,,,,,,,,,,,,
D-78,78,-17.5208,-50.8031,Farm B,Municipality 1,,,,,,,,,,,,,,,,,,,,,,,,,
D-72,72,-17.6827,-51.1273,Farm B,Municipality 1,,,,,,,,,,,,,,,,,,,,,,,,,
D-01,1,-17.8989,-50.9957,Farm A,Municipality 1,,,,,,,,,,,,,,,,,,,,,,,,,
D-84,84,-17.4191,-51.1004,Farm B,Municipality 1,,,,,,,,,,,,,,,,,,,,,,,,,
D-03,3,-17.4341,-50.9715,Farm A,Municipality 1,,,,,,,,,,,,,,,,,,,,,,,,,
D-87,87,-17.847,-51.0416,Farm A,Municipality 1,,,,,,,,,,,,,,,,,,,,,,,,,
D-02,2,-17.8098,-50.9546,Farm A,Municipality 1,,,,,,,,,,,,,,,,,,,,,,,,,
D-73,73,-17.5603,-50.8918,Farm A,Municipality 1,,,,,,,,,,,,,,,,,,,,,,,,,
D-25,25,-17.5049,-50.9501,Farm B,Municipality 1,,,,,,,,,,,,,,,,,,,,,,,,,
D-19,19,-17.7255,-50.9207,Farm A,Municipality 1,,,,,,,,,,,,,,,,,,,,,,,,,
D-78,78,-17.5519,-51.1713,Farm A,Municipality 1,,,,,,,,,,,,,,,,,,,,,,,,,
D-41,41,-17.8844,-50.9515,Farm B,Municipality 1,,,,,,,,,,,,,,,,,,,,,,,,,
D-62,62,-17.5946,-51.0815,Farm A,Municipality 1,,,,,,,,,,,,,,,,,,,,,,,,,
D-14,14,-17.7214,-50.8593,Farm B,Municipality 1,,,,,,,,,,,,,,,,,,,,,,,,,
D-34,34,-17.4837,-51.1295,Farm B,Municipality 1,,Anual,Soja,,Verão,2025-12-19,17.4369,4.259,0.1848,426.482,277.334,0.6503,4.0941,0.06287,0.6361,124.104,28.31,11.33,2.77,28.32,11.97,2.82,2.61,R1,109.53
D-74,74,-17.6317,-50.8685,Farm B,Municipality 1,,,,,,,,,,,,,,,,,,,,,,,,,
D-12,12,-17.6353,-50.8469,Farm A,Municipality 1,,,,,,,,,,,,,,,,,,,,,,,,,
D-46,46,-17.8215,-51.1953,Farm A,Municipality 1,,,,,,,,,,,,,,,,,,,,,,,,,
D-57,57,-17.776,-51.1696,Farm A,Municipality 1,,,,,,,,,,,,,,,,,,,,,,,,,
D-24,24,-17.5436,-51.021,Farm B,Municipality 1,,,,,,,,,,,,,,,,,,,,,,,,,
D-20,20,-17.5629,-51.0641,Farm A,Municipality 1,,,,,,,,,,,,,,,,,,,,,,,,,
D-75,75,-17.5988,-51.0488,Farm A,Municipality 1,,,,,,,,,,,,,,,,,,,,,,,,,
D-09,9,-17.7683,-50.8282,Farm B,Municipality 1,,,,,,,,,,,,,,,,,,,,,,,,,
D-79,79,-17.6745,-51.0391,Farm B,Municipality 1,,,,,,,,,,,,,,,,,,,,,,,,,
D-41,41,-17.6051,-50.8762,Farm A,Municipality 1,,,,,,,,,,,,,,,,,,,,,,,,,
D-51,51,-17.8118,-51.1793,Farm B,Municipality 1,,,,,,,,,,,,,,,,,,,,,,,,,
D-47,47,-17.647,-51.1597,Farm B,Municipality 1,,,,,,,,,,,,,,,,,,,,,,,,,
D-12,12,-17.528,-50.9874,Farm B,Municipality 1,,,,,,,,,,,,,,,,,,,,,,,,,
D-61,61,-17.741,-51.0066,Farm B,Municipality 1,,,,,,,,,,,,,,,,,,,,,,,,,
D-52,52,-17.6246,-50.9526,Farm B,Municipality 1,,,,,,,,,,,,,,,,,,,,,,,,,
D-30,30,-17.8594,-51.1937,Farm A,Municipality 1,,,,,,,,,,,,,,,,,,,,,,,,,
D-76,76,-17.4714,-51.1129,Farm A,Municipality 1,,,,,,,,,,,,,,,,,,,,,,,,,
D-16,16,-17.8609,-51.1881,Farm B,Municipality 1,,Anual,Soja,,Verão,2026-02-28,15.2808,3.1845,0.3271,424.088,281.923,0.6648,4.7985,0.0542,0.7644,162.122,30.21,14.75,3.61,29.38,13.73,4.03,4.04,R1,112.18
D-36,36,-17.8649,-51.1772,Farm A,Municipality 1,,,,,,,,,,,,,,,,,,,,,,,,,
D-45,45,-17.4928,-51.1059,Farm B,Municipality 1,,,,,,,,,,,,,,,,,,,,,,,,,
D-34,34,-17.5882,-51.146,Farm B,Municipality 1,,,,,,,,,,,,,,,,,,,,,,,,,
D-26,26,-17.567,-50.9482,Farm A,Municipality 1,,,,,,,,,,,,,,,,,,,,,,,,,
D-26,26,-17.6675,-51.0398,Farm B,Municipality 1,,Anual,Soja,,Verão,2026-01-23,12.6258,3.0508,0.2386,419.716,287.85,0.6858,4.1385,0.04386,0.7494,163.676,32.33,11.63,3.81,27.93,11.94,2.9,3.38,R1,94.04
D-79,79,-17.5399,-50.9672,Farm B,Municipality 1,,,,,,,,,,,,,,,,,,,,,,,,,
D-15,15,-17.5277,-51.0189,Farm B,Municipality 1,,,,,,,,,,,,,,,,,,,,,,,,,
D-42,42,-17.4107,-51.0005,Farm B,Municipality 1,,Anual,Soja,,Verão,2026-01-23,13.8466,3.032,0.2447,421.26,282.67,0.671,4.5668,0.04899,0.687,105.032,25.12,12.68,3.55,25.25,12.94,3.35,3.56,R1,96.41
D-08,8,-17.7217,-51.0203,Farm B,Municipality 1,,,,,,,,,,,,,,,,,,,,,,,,,
D-67,67,-17.6681,-51.1876,Farm B,Municipality 1,,,,,,,,,,,,,,,,,,,,,,,,,
D-36,36,-17.6942,-51.1249,Farm A,Municipality 1,,,,,,,,,,,,,,,,,,,,,,,,,
D-69,69,-17.5934,-51.1944,Farm A,Municipality 1,,,,,,,,,,,,,,,,,,,,,,,,,
D-33,33,-17.4244,-51.0247,Farm B,Municipality 1,,,,,,,,,,,,,,,,,,,,,,,,,
D-13,13,-17.6619,-51.0202,Farm A,Municipality 1,,,,,,,,,,,,,,,,,,,,,,,,,
D-57,57,-17.5548,-50.8068,Farm A,Municipality 1,,,,,,,,,,,,,,,,,,,,,,,,,
D-86,86,-17.8832,-51.0897,Farm B,Municipality 1,,,,,,,,,,,,,,,,,,,,,,,,,
D-52,52,-17.6405,-50.876,Farm A,Municipality 1,,,,,,,,,,,,,,,,,,,,,,,,,
D-54,54,-17.5812,-51.1797,Farm B,Municipality 1,,Anual,Soja,,Verão,2026-01-23,4.4804,1.3467,0.215,411.48,287.402,0.6985,3.3269,0.01559,0.8063,199.896,24.68,12.08,1.99,24.22,11.61,1.91,2.11,R3,82.9
D-20,20,-17.6861,-50.8864,Farm B,Municipality 1,,,,,,,,,,,,,,,,,,,,,,,,,
D-25,25,-17.7154,-51.1056,Farm B,Municipality 1,,,,,,,,,,,,,,,,,,,,,,,,,
D-31,31,-17.8464,-51.0914,Farm A,Municipality 1,,,,,,,,,,,,,,,,,,,,,,,,,
D-11,11,-17.4685,-51.0836,Farm B,Municipality 1,,,,,,,,,,,,,,,,,,,,,,,,,
D-11,11,-17.7874,-51.068,Farm B,Municipality 1,,,,,,,,,,,,,,,,,,,,,,,,,
D-40,40,-17.6989,-51.1796,Farm B,Municipality 1,,,,,,,,,,,,,,,,,,,,,,,,,
D-85,85,-17.5809,-51.0104,Farm A,Municipality 1,,,,,,,,,,,,,,,,,,,,,,,,,
D-78,78,-17.8107,-50.8384,Farm A,Municipality 1,,,,,,,,,,,,,,,,,,,,,,,,,
D-47,47,-17.8345,-51.1793,Farm B,Municipality 1,,,,,,,,,,,,,,,,,,,,,,,,,
D-06,6,-17.6221,-51.081,Farm A,Municipality 1,,,,,,,,,,,,,,,,,,,,,,,,,
D-18,18,-17.8138,-50.8281,Farm A,Municipality 1,,,,,,,,,,,,,,,,,,,,,,,,,
D-58,58,-17.7356,-51.0711,Farm B,Municipality 1,,,,,,,,,,,,,,,,,,,,,,,,,
D-74,74,-17.7305,-51.0688,Farm A,Municipality 1,,,,,,,,,,,,,,,,,,,,,,,,,
D-68,68,-17.6471,-50.8349,Farm B,Municipality 1,,,,,,,,,,,,,,,,,,,,,,,,,
D-49,49,-17.8728,-51.0802,Farm B,Municipality 1,,,,,,,,,,,,,,,,,,,,,,,,,
D-17,17,-17.5475,-51.172,Farm A,Municipality 1,,,,,,,,,,,,,,,,,,,,,,,,,
D-41,41,-17.7397,-50.8143,Farm B,Municipality 1,,,,,,,,,,,,,,,,,,,,,,,,,
D-27,27,-17.8055,-51.1048,Farm A,Municipality 1,,,,,,,,,,,,,,,,,,,,,,,,,
D-27,27,-17.8785,-50.9115,Farm B,Municipality 1,,,,,,,,,,,,,,,,,,,,,,,,,
D-36,36,-17.7535,-50.8186,Farm B,Municipality 1,,,,,,,,,,,,,,,,,,,,,,,,,
D-48,48,-17.501,-51.0966,Farm B,Municipality 1,,,,,,,,,,,,,,,,,,,,,,,,,
D-71,71,-17.756,-50.9105,Farm A,Municipality 1,,,,,,,,,,,,,,,,,,,,,,,,,
D-22,22,-17.7795,-50.8993,Farm A,Municipality 1,,,,,,,,,,,,,,,,,,,,,,,,,
D-84,84,-17.4639,-50.9592,Farm A,Municipality 1,,,,,,,,,,,,,,,,,,,,,,,,,
D-48,48,-17.8596,-50.9393,Farm B,Municipality 1,,Anual,Soja,,Verão,2026-02-28,17.7731,6.1597,0.1247,414.01,225.538,0.5448,2.8854,0.0788,0.8316,170.185,32.38,11.81,3.43,31.19,12.15,3.54,3.3,R3,64.35
D-72,72,-17.7852,-50.8677,Farm B,Municipality 1,,,,,,,,,,,,,,,,,,,,,,,,,
D-19,19,-17.8078,-50.8107,Farm A,Municipality 1,,,,,,,,,,,,,,,,,,,,,,,,,
D-09,9,-17.7757,-51.1766,Farm A,Municipality 1,,,,,,,,,,,,,,,,,,,,,,,,,
D-58,58,-17.4032,-50.8039,Farm B,Municipality 1,,,,,,,,,,,,,,,,,,,,,,,,,
D-75,75,-17.8399,-50.8733,Farm B,Municipality 1,,,,,,,,,,,,,,,,,,,,,,,,,
D-28,28,-17.7048,-51.0063,Farm B,Municipality 1,,,,,,,,,,,,,,,,,,,,,,,,,
D-42,42,-17.6775,-50.9812,Farm A,Municipality 1,,,,,,,,,,,,,,,,,,,,,,,,,
D-06,6,-17.6016,-50.9589,Farm A,Municipality 1,,,,,,,,,,,,,,,,,,,,,,,,,
D-51,51,-17.7928,-50.9162,Farm A,Municipality 1,,,,,,,,,,,,,,,,,,,,,,,,,
D-08,8,-17.4418,-51.0181,Farm B,Municipality 1,,,,,,,,,,,,,,,,,,,,,,,,,
D-24,24,-17.842,-51.1845,Farm A,Municipality 1,,,,,,,,,,,,,,,,,,,,,,,,,
D-52,52,-17.6225,-51.1624,Farm A,Municipality 1,,,,,,,,,,,,,,,,,,,,,,,,,
D-23,23,-17.6729,-51.1238,Farm B,Municipality 1,,,,,,,,,,,,,,,,,,,,,,,,,
D-38,38,-17.4066,-51.0166,Farm B,Municipality 1,,,,,,,,,,,,,,,,,,,,,,,,,
D-65,65,-17.6264,-50.9757,Farm A,Municipality 1,,,,,,,,,,,,,,,,,,,,,,,,,
D-72,72,-17.7627,-50.934,Farm B,Municipality 1,,,,,,,,,,,,,,,,,,,,,,,,,
D-07,7,-17.4751,-50.9545,Farm B,Municipality 1,,,,,,,,,,,,,,,,,,,,,,,,,
D-45,45,-17.4787,-51.0704,Farm A,Municipality 1,,,,,,,,,,,,,,,,,,,,,,,,,
D-15,15,-17.4608,-50.9159,Farm B,Municipality 1,,,,,,,,,,,,,,,,,,,,,,,,,
D-76,76,-17.7344,-50.932,Farm A,Municipality 1,,,,,,,,,,,,,,,,,,,,,,,,,
D-37,37,-17.766,-50.9575,Farm B,Municipality 1,,,,,,,,,,,,,,,,,,,,,,,,,
D-86,86,-17.6764,-51.0696,Farm A,Municipality 1,,,,,,,,,,,,,,,,,,,,,,,,,
D-53,53,-17.4347,-50.9977,Farm A,Municipality 1,,,,,,,,,,,,,,,,,,,,,,,,,
D-79,79,-17.6253,-51.14,Farm B,Municipality 1,,,,,,,,,,,,,,,,,,,,,,,,,
D-42,42,-17.6776,-50.9643,Farm A,Municipality 1,,,,,,,,,,,,,,,,,,,,,,,,,
D-17,17,-17.5314,-50.8012,Farm A,Municipality 1,,,,,,,,,,,,,,,,,,,,,,,,,
D-45,45,-17.6671,-51.1978,Farm B,Municipality 1,,Anual,Soja,,Verão,2026-01-23,13.9257,2.6107,0.1826,415.187,267.986,0.6455,5.334,0.05196,0.5992,105.954,26.91,14.58,1.36,26.88,16.18,1.57,1.41,R3,76.22
D-14,14,-17.7212,-51.0086,Farm A,Municipality 1,,,,,,,,,,,,,,,,,,,,,,,,,
D-83,83,-17.4621,-51.0819,Farm A,Municipality 1,,,,,,,,,,,,,,,,,,,,,,,,,
D-07,7,-17.8576,-50.9778,Farm B,Municipality 1,,Anual,Soja,,Verão,2026-01-23,13.3234,3.4736,0.1209,404.751,273.969,0.6769,3.8356,0.04863,0.6853,153.195,29.21,5.68,3.51,30.35,6.03,3.09,3.65,R3,64.31
D-89,89,-17.8549,-51.0267,Farm A,Municipality 1,,,,,,,,,,,,,,,,,,,,,,,,,
D-50,50,-17.4326,-50.8849,Farm B,Municipality 1,,,,,,,,,,,,,,,,,,,,,,,,,
D-49,49,-17.6463,-51.0246,Farm B,Municipality 1,,,,,,,,,,,,,,,,,,,,,,,,,
D-08,8,-17.4127,-51.0332,Farm B,Municipality 1,,,,,,,,,,,,,,,,,,,,,,,,,
D-05,5,-17.4537,-50.8777,Farm A,Municipality 1,,,,,,,,,,,,,,,,,,,,,,,,,
D-61,61,-17.7597,-51.0678,Farm B,Municipality 1,,,,,,,,,,,,,,,,,,,,,,,,,
D-06,6,-17.843,-50.9363,Farm A,Municipality 1,,,,,,,,,,,,,,,,,,,,,,,,,
D-75,75,-17.8306,-50.836,Farm B,Municipality 1,,,,,,,,,,,,,,,,,,,,,,,,,
D-10,10,-17.7427,-50.8488,Farm A,Municipality 1,,,,,,,,,,,,,,,,,,,,,,,,,
D-01,1,-17.6748,-51.0517,Farm A,Municipality 1,,Perene,Cana-de-açúcar,,Verão,2025-12-19,21.0431,4.3313,0.2383,406.68,196.6,0.4834,4.8584,0.10703,0.719,152.175,21.49,11.38,2.85,23.18,11.76,2.63,2.94,R3,65.82
D-20,20,-17.7777,-50.9092,Farm A,Municipality 1,,,,,,,,,,,,,,,,,,,,,,,,,
D-53,53,-17.5371,-51.0865,Farm A,Municipality 1,,,,,,,,,,,,,,,,,,,,,,,,,
D-51,51,-17.4347,-50.9551,Farm B,Municipality 1,,Anual,Soja,,Verão,2025-12-19,12.6567,4.2564,0.05,412.46,258.445,0.6266,2.9735,0.04897,0.6651,147.345,34.24,7.74,3.37,31.44,9.23,3.52,3.32,V4,96.51
D-04,4,-17.4197,-51.0516,Farm B,Municipality 1,,,,,,,,,,,,,,,,,,,,,,,,,
D-64,64,-17.7629,-51.0981,Farm A,Municipality 1,,,,,,,,,,,,,,,,,,,,,,,,,
D-02,2,-17.4719,-50.9476,Farm B,Municipality 1,,,,,,,,,,,,,,,,,,,,,,,,,
D-17,17,-17.7388,-50.9211,Farm A,Municipality 1,,,,,,,,,,,,,,,,,,,,,,,,,
D-04,4,-17.8726,-51.1442,Farm A,Municipality 1,,,,,,,,,,,,,,,,,,,,,,,,,
D-56,56,-17.7609,-51.1602,Farm B,Municipality 1,,,,,,,,,,,,,,,,,,,,,,,,,
D-75,75,-17.8111,-50.9074,Farm B,Municipality 1,,,,,,,,,,,,,,,,,,,,,,,,,
D-48,48,-17.5669,-50.8537,Farm A,Municipality 1,,,,,,,,,,,,,,,,,,,,,,,,,
D-86,86,-17.7812,-51.1398,Farm B,Municipality 1,,,,,,,,,,,,,,,,,,,,,,,,,
D-60,60,-17.7226,-51.1948,Farm B,Municipality 1,,,,,,,,,,,,,,,,,,,,,,,,,
D-69,69,-17.7559,-50.8995,Farm A,Municipality 1,,,,,,,,,,,,,,,,,,,,,,,,,
D-24,24,-17.4344,-51.1403,Farm A,Municipality 1,,,,,,,,,,,,,,,,,,,,,,,,,
D-62,62,-17.5605,-50.8974,Farm A,Municipality 1,,,,,,,,,,,,,,,,,,,,,,,,,
D-29,29,-17.8692,-51.0276,Farm A,Municipality 1,,,,,,,,,,,,,,,,,,,,,,,,,
D-65,65,-17.6554,-51.1699,Farm B,Municipality 1,,,,,,,,,,,,,,,,,,,,,,,,,
D-64,64,-17.4893,-51.1684,Farm A,Municipality 1,,,,,,,,,,,,,,,,,,,,,,,,,
D-73,73,-17.8172,-50.9638,Farm A,Municipality 1,,,,,,,,,,,,,,,,,,,,,,,,,
D-54,54,-17.5217,-51.0113,Farm B,Municipality 1,,,,,,,,,,,,,,,,,,,,,,,,,
D-43,43,-17.897,-50.827,Farm A,Municipality 1,,,,,,,,,,,,,,,,,,,,,,,,,
D-10,10,-17.6885,-51.1677,Farm B,Municipality 1,,,,,,,,,,,,,,,,,,,,,,,,,
D-63,63,-17.7179,-50.8605,Farm B,Municipality 1,,,,,,,,,,,,,,,,,,,,,,,,,
D-24,24,-17.6806,-51.0788,Farm A,Municipality 1,,,,,,,,,,,,,,,,,,,,,,,,,
D-79,79,-17.88,-51.1887,Farm A,Municipality 1,,,,,,,,,,,,,,,,,,,,,,,,,
D-30,30,-17.5232,-51.1459,Farm A,Municipality 1,,,,,,,,,,,,,,,,,,,,,,,,,
D-80,80,-17.5199,-50.9924,Farm A,Municipality 1,,,,,,,,,,,,,,,,,,,,,,,,,
D-68,68,-17.4553,-50.8952,Farm A,Municipality 1,,,,,,,,,,,,,,,,,,,,,,,,,
D-15,15,-17.7795,-50.9846,Farm B,Municipality 1,,,,,,,,,,,,,,,,,,,,,,,,,
D-26,26,-17.6197,-51.0078,Farm A,Municipality 1,,,,,,,,,,,,,,,,,,,,,,,,,
D-11,11,-17.444,-51.1561,Farm B,Municipality 1,,,,,,,,,,,,,,,,,,,,,,,,,
D-09,9,-17.4048,-50.8015,Farm B,Municipality 1,,,,,,,,,,,,,,,,,,,,,,,,,
D-36,36,-17.5127,-51.1861,Farm B,Municipality 1,,Anual,Soja,,Verão,2026-01-23,22.3661,5.6664,0.2261,415.632,267.934,0.6446,3.9471,0.08348,0.675,171.644,23.06,12.35,3.1,22.91,12.16,2.58,2.88,R1,79.74
D-21,21,-17.8644,-51.0099,Farm B,Municipality 1,,,,,,,,,,,,,,,,,,,,,,,,,
D-52,52,-17.7289,-50.9364,Farm B,Municipality 1,,,,,,,,,,,,,,,,,,,,,,,,,
D-68,68,-17.4229,-51.0861,Farm A,Municipality 1,,,,,,,,,,,,,,,,,,,,,,,,,
D-08,8,-17.4856,-51.1055,Farm B,Municipality 1,,,,,,,,,,,,,,,,,,,,,,,,,
D-68,68,-17.8364,-51.1245,Farm A,Municipality 1,,,,,,,,,,,,,,,,,,,,,,,,,
D-53,53,-17.6939,-50.8961,Farm A,Municipality 1,,,,,,,,,,,,,,,,,,,,,,,,,
D-65,65,-17.8325,-50.8225,Farm B,Municipality 1,,,,,,,,,,,,,,,,,,,,,,,,,
D-28,28,-17.4302,-51.1497,Farm B,Municipality 1,,,,,,,,,,,,,,,,,,,,,,,,,
D-23,23,-17.805,-50.8406,Farm B,Municipality 1,,,,,,,,,,,,,,,,,,,,,,,,,
D-46,46,-17.788,-51.0757,Farm B,Municipality 1,,,,,,,,,,,,,,,,,,,,,,,,,
D-38,38,-17.7277,-50.9772,Farm B,Municipality 1,,,,,,,,,,,,,,,,,,,,,,,,,
D-82,82,-17.8098,-50.8974,Farm A,Municipality 1,,,,,,,,,,,,,,,,,,,,,,,,,
D-40,40,-17.8844,-50.816,Farm A,Municipality 1,,,,,,,,,,,,,,,,,,,,,,,,,
D-80,80,-17.57,-50.9101,Farm A,Municipality 1,,,,,,,,,,,,,,,,,,,,,,,,,
D-78,78,-17.5075,-50.9781,Farm A,Municipality 1,,,,,,,,,,,,,,,,,,,,,,,,,
D-81,81,-17.6767,-50.9951,Farm A,Municipality 1,,,,,,,,,,,,,,,,,,,,,,,,,
D-62,62,-17.4618,-51.1349,Farm A,Municipality 1,,,,,,,,,,,,,,,,,,,,,,,,,
D-10,10,-17.432,-51.1342,Farm A,Municipality 1,,Perene,Cana-de-açúcar,,Verão,2026-01-23,12.9017,2.6952,0.1765,432.028,240.551,0.5568,4.7869,0.05363,0.7176,128.7,32.66,12.15,2.97,30.74,12.29,3.37,3.01,V4,82.63
D-09,9,-17.6313,-51.0052,Farm A,Municipality 1,,,,,,,,,,,,,,,,,,,,,,,,,
D-83,83,-17.7689,-51.163,Farm B,Municipality 1,,,,,,,,,,,,,,,,,,,,,,,,,
D-72,72,-17.4666,-51.0616,Farm A,Municipality 1,,,,,,,,,,,,,,,,,,,,,,,,,
D-88,88,-17.679,-51.1022,Farm B,Municipality 1,,,,,,,,,,,,,,,,,,,,,,,,,
D-85,85,-17.8908,-51.0243,Farm B,Municipality 1,,,,,,,,,,,,,,,,,,,,,,,,,
D-82,82,-17.5415,-50.8967,Farm B,Municipality 1,,,,,,,,,,,,,,,,,,,,,,,,,
D-63,63,-17.8756,-50.8984,Farm B,Municipality 1,,,,,,,,,,,,,,,,,,,,,,,,,
D-39,39,-17.8536,-50.9752,Farm A,Municipality 1,,,,,,,,,,,,,,,,,,,,,,,,,
D-51,51,-17.6533,-51.0578,Farm B,Municipality 1,,,,,,,,,,,,,,,,,,,,,,,,,
D-73,73,-17.7343,-51.041,Farm A,Municipality 1,,,,,,,,,,,,,,,,,,,,,,,,,
D-27,27,-17.6087,-51.0859,Farm B,Municipality 1,,,,,,,,,,,,,,,,,,,,,,,,,
D-18,18,-17.648,-50.8382,Farm B,Municipality 1,,,,,,,,,,,,,,,,,,,,,,,,,
D-34,34,-17.835,-50.9995,Farm A,Municipality 1,,,,,,,,,,,,,,,,,,,,,,,,,
D-80,80,-17.6875,-51.09,Farm B,Municipality 1,,,,,,,,,,,,,,,,,,,,,,,,,
D-50,50,-17.6181,-51.097,Farm A,Municipality 1,,,,,,,,,,,,,,,,,,,,,,,,,
D-20,20,-17.8198,-51.119,Farm B,Municipality 1,,,,,,,,,,,,,,,,,,,,,,,,,
D-13,13,-17.7712,-51.132,Farm B,Municipality 1,,,,,,,,,,,,,,,,,,,,,,,,,
D-74,74,-17.8105,-51.0344,Farm A,Municipality 1,,,,,,,,,,,,,,,,,,,,,,,,,
D-59,59,-17.5369,-51.1212,Farm A,Municipality 1,,,,,,,,,,,,,,,,,,,,,,,,,
D-68,68,-17.726,-50.8191,Farm A,Municipality 1,,,,,,,,,,,,,,,,,,,,,,,,,
D-61,61,-17.7751,-50.989,Farm B,Municipality 1,,,,,,,,,,,,,,,,,,,,,,,,,
D-29,29,-17.5115,-51.0494,Farm A,Municipality 1,,,,,,,,,,,,,,,,,,,,,,,,,
D-11,11,-17.8731,-50.9975,Farm B,Municipality 1,,,,,,,,,,,,,,,,,,,,,,,,,
D-68,68,-17.5052,-51.1973,Farm A,Municipality 1,,,,,,,,,,,,,,,,,,,,,,,,,
D-21,21,-17.7647,-51.0909,Farm B,Municipality 1,,,,,,,,,,,,,,,,,,,,,,,,,
D-09,9,-17.4885,-51.1206,Farm B,Municipality 1,,,,,,,,,,,,,,,,,,,,,,,,,
D-77,77,-17.7849,-50.8059,Farm A,Municipality 1,,,,,,,,,,,,,,,,,,,,,,,,,
D-35,35,-17.5974,-51.036,Farm A,Municipality 1,,,,,,,,,,,,,,,,,,,,,,,,,
D-70,70,-17.6355,-51.1866,Farm A,Municipality 1,,,,,,,,,,,,,,,,,,,,,,,,,
D-51,51,-17.5899,-51.0132,Farm A,Municipality 1,,,,,,,,,,,,,,,,,,,,,,,,,
D-22,22,-17.6738,-51.0335,Farm A,Municipality 1,,,,,,,,,,,,,,,,,,,,,,,,,
D-47,47,-17.776,-50.8344,Farm A,Municipality 1,,,,,,,,,,,,,,,,,,,,,,,,,
D-02,2,-17.5829,-50.8545,Farm A,Municipality 1,,,,,,,,,,,,,,,,,,,,,,,,,
D-07,7,-17.8289,-50.9894,Farm B,Municipality 1,,,,,,,,,,,,,,,,,,,,,,,,,
D-77,77,-17.6805,-50.9063,Farm B,Municipality 1,,,,,,,,,,,,,,,,,,,,,,,,,
D-73,73,-17.4603,-51.011,Farm A,Municipality 1,,,,,,,,,,,,,,,,,,,,,,,,,
D-25,25,-17.5556,-50.8224,Farm A,Municipality 1,,,,,,,,,,,,,,,,,,,,,,,,,
D-55,55,-17.89,-51.0326,Farm A,Municipality 1,,,,,,,,,,,,,,,,,,,,,,,,,
D-80,80,-17.5349,-50.8793,Farm B,Municipality 1,,,,,,,,,,,,,,,,,,,,,,,,,
D-56,56,-17.513,-50.9397,Farm A,Municipality 1,,,,,,,,,,,,,,,,,,,,,,,,,
D-71,71,-17.8267,-51.0272,Farm A,Municipality 1,,,,,,,,,,,,,,,,,,,,,,,,,
D-75,75,-17.4519,-51.1895,Farm B,Municipality 1,,,,,,,,,,,,,,,,,,,,,,,,,
D-18,18,-17.6672,-51.045,Farm A,Municipality 1,,,,,,,,,,,,,,,,,,,,,,,,,
D-64,64,-17.6826,-51.0712,Farm B,Municipality 1,,,,,,,,,,,,,,,,,,,,,,,,,
D-85,85,-17.5776,-50.9127,Farm A,Municipality 1,,,,,,,,,,,,,,,,,,,,,,,,,
D-53,53,-17.6826,-51.1085,Farm B,Municipality 1,,Anual,Soja,,Verão,2026-02-28,18.8446,4.6554,0.2797,422.769,255.92,0.6053,4.0479,0.07363,0.6653,152.116,29.95,15.2,3.25,29.55,14.46,3.03,2.84,R3,89.74
D-14,14,-17.6967,-50.8605,Farm B,Municipality 1,,,,,,,,,,,,,,,,,,,,,,,,,
D-55,55,-17.7622,-50.9378,Farm B,Municipality 1,,,,,,,,,,,,,,,,,,,,,,,,,
D-51,51,-17.6131,-51.1267,Farm A,Municipality 1,,,,,,,,,,,,,,,,,,,,,,,,,
D-23,23,-17.8798,-51.0017,Farm A,Municipality 1,,,,,,,,,,,,,,,,,,,,,,,,,
D-31,31,-17.8884,-51.04,Farm B,Municipality 1,,Anual,Soja,,Verão,2026-02-28,6.4805,1.5338,0.0935,412.084,255.359,0.6197,4.2252,0.02538,0.69,161.906,33.23,14.56,3.26,32.39,15.21,3.43,3.02,R3,104.48
D-53,53,-17.8555,-51.0419,Farm A,Municipality 1,,,,,,,,,,,,,,,,,,,,,,,,,
D-43,43,-17.4822,-50.9326,Farm A,Municipality 1,,,,,,,,,,,,,,,,,,,,,,,,,
D-62,62,-17.8062,-51.0083,Farm A,Municipality 1,,,,,,,,,,,,,,,,,,,,,,,,,
D-23,23,-17.5131,-51.0429,Farm B,Municipality 1,,,,,,,,,,,,,,,,,,,,,,,,,
D-64,64,-17.6504,-50.9425,Farm B,Municipality 1,,,,,,,,,,,,,,,,,,,,,,,,,
D-43,43,-17.4636,-50.9671,Farm A,Municipality 1,,,,,,,,,,,,,,,,,,,,,,,,,
D-87,87,-17.6929,-51.183,Farm B,Municipality 1,,,,,,,,,,,,,,,,,,,,,,,,,
D-36,36,-17.4451,-50.8825,Farm B,Municipality 1,,,,,,,,,,,,,,,,,,,,,,,,,
D-44,44,-17.7612,-51.0533,Farm A,Municipality 1,,,,,,,,,,,,,,,,,,,,,,,,,
D-04,4,-17.8457,-51.1386,Farm A,Municipality 1,,,,,,,,,,,,,,,,,,,,,,,,,
D-28,28,-17.7269,-50.9659,Farm A,Municipality 1,,,,,,,,,,,,,,,,,,,,,,,,,
D-46,46,-17.874,-50.828,Farm A,Municipality 1,,,,,,,,,,,,,,,,,,,,,,,,,
D-35,35,-17.7133,-50.8223,Farm A,Municipality 1,,,,,,,,,,,,,,,,,,,,,,,,,
D-10,10,-17.4946,-51.0639,Farm A,Municipality 1,,,,,,,,,,,,,,,,,,,,,,,,,
D-32,32,-17.8963,-51.1356,Farm B,Municipality 1,,,,,,,,,,,,,,,,,,,,,,,,,
D-02,2,-17.7899,-50.9152,Farm A,Municipality 1,,,,,,,,,,,,,,,,,,,,,,,,,
D-12,12,-17.6835,-51.1857,Farm B,Municipality 1,,Anual,Soja,,Verão,2026-02-28,17.0053,4.4002,0.2951,410.829,277.456,0.6754,3.8646,0.06129,0.7388,139.887,35.49,9.62,2.76,34.32,7.77,2.52,2.53,R3,80.98
D-03,3,-17.5382,-50.8524,Farm A,Municipality 1,,,,,,,,,,,,,,,,,,,,,,,,,
D-10,10,-17.8446,-50.8176,Farm A,Municipality 1,,,,,,,,,,,,,,,,,,,,,,,,,
D-84,84,-17.5933,-50.9096,Farm B,Municipality 1,,,,,,,,,,,,,,,,,,,,,,,,,
D-75,75,-17.4339,-50.9743,Farm A,Municipality 1,,,,,,,,,,,,,,,,,,,,,,,,,
D-47,47,-17.7452,-50.9839,Farm B,Municipality 1,,,,,,,,,,,,,,,,,,,,,,,,,
D-58,58,-17.4861,-50.8917,Farm A,Municipality 1,,,,,,,,,,,,,,,,,,,,,,,,,
D-12,12,-17.5383,-50.9005,Farm A,Municipality 1,,,,,,,,,,,,,,,,,,,,,,,,,
D-59,59,-17.8938,-50.9961,Farm A,Municipality 1,,,,,,,,,,,,,,,,,,,,,,,,,
D-78,78,-17.7427,-50.8904,Farm B,Municipality 1,,,,,,,,,,,,,,,,,,,,,,,,,
D-02,2,-17.5796,-51.1957,Farm B,Municipality 1,,Anual,Soja,,Verão,2026-02-28,13.0625,2.2161,0.1298,391.284,254.507,0.6504,5.8943,0.05132,0.7022,153.504,25.2,12.4,1.85,26.2,11.84,2.08,2.26,V4,65.6
D-27,27,-17.6269,-51.1504,Farm A,Municipality 1,,,,,,,,,,,,,,,,,,,,,,,,,
D-77,77,-17.5987,-51.1778,Farm B,Municipality 1,,,,,,,,,,,,,,,,,,,,,,,,,
D-55,55,-17.7984,-51.0729,Farm B,Municipality 1,,,,,,,,,,,,,,,,,,,,,,,,,
D-89,89,-17.4582,-51.0795,Farm A,Municipality 1,,,,,,,,,,,,,,,,,,,,,,,,,
D-22,22,-17.8298,-51.0772,Farm B,Municipality 1,,,,,,,,,,,,,,,,,,,,,,,,,
D-51,51,-17.6257,-51.1139,Farm A,Municipality 1,,,,,,,,,,,,,,,,,,,,,,,,,
D-63,63,-17.7271,-50.8837,Farm B,Municipality 1,,,,,,,,,,,,,,,,,,,,,,,,,
D-52,52,-17.7982,-51.1554,Farm A,Municipality 1,,,,,,,,,,,,,,,,,,,,,,,,,
D-57,57,-17.5629,-50.99,Farm A,Municipality 1,,,,,,,,,,,,,,,,,,,,,,,,,
D-40,40,-17.8519,-51.1246,Farm B,Municipality 1,,,,,,,,,,,,,,,,,,,,,,,,,
D-37,37,-17.459,-50.9333,Farm B,Municipality 1,,,,,,,,,,,,,,,,,,,,,,,,,
D-64,64,-17.7654,-51.0717,Farm B,Municipality 1,,,,,,,,,,,,,,,,,,,,,,,,,
D-22,22,-17.7338,-51.0675,Farm A,Municipality 1,,,,,,,,,,,,,,,,,,,,,,,,,
D-56,56,-17.4301,-51.173,Farm A,Municipality 1,,,,,,,,,,,,,,,,,,,,,,,,,
D-13,13,-17.7594,-50.936,Farm B,Municipality 1,,,,,,,,,,,,,,,,,,,,,,,,,
D-44,44,-17.4574,-50.931,Farm B,Municipality 1,,,,,,,,,,,,,,,,,,,,,,,,,
D-85,85,-17.5425,-51.1724,Farm A,Municipality 1,,,,,,,,,,,,,,,,,,,,,,,,,
D-28,28,-17.5932,-50.8441,Farm B,Municipality 1,,,,,,,,,,,,,,,,,,,,,,,,,
D-35,35,-17.4097,-51.1089,Farm B,Municipality 1,,,,,,,,,,,,,,,,,,,,,,,,,
D-38,38,-17.7764,-51.1001,Farm B,Municipality 1,,,,,,,,,,,,,,,,,,,,,,,,,
D-90,90,-17.5953,-51.1311,Farm B,Municipality 1,,,,,,,,,,,,,,,,,,,,,,,,,
D-57,57,-17.4603,-51.1771,Farm A,Municipality 1,,,,,,,,,,,,,,,,,,,,,,,,,
D-68,68,-17.6627,-50.8538,Farm B,Municipality 1,,,,,,,,,,,,,,,,,,,,,,,,,
D-48,48,-17.6304,-50.9532,Farm B,Municipality 1,,,,,,,,,,,,,,,,,,,,,,,,,
D-38,38,-17.4451,-51.1134,Farm A,Municipality 1,,,,,,,,,,,,,,,,,,,,,,,,,
D-84,84,-17.6147,-51.1997,Farm A,Municipality 1,,,,,,,,,,,,,,,,,,,,,,,,,
D-53,53,-17.6767,-51.1976,Farm B,Municipality 1,,,,,,,,,,,,,,,,,,,,,,,,,
D-50,50,-17.59,-50.8853,Farm A,Municipality 1,,,,,,,,,,,,,,,,,,,,,,,,,
D-24,24,-17.6291,-51.1484,Farm A,Municipality 1,,,,,,,,,,,,,,,,,,,,,,,,,
D-07,7,-17.5095,-50.8956,Farm B,Municipality 1,,,,,,,,,,,,,,,,,,,,,,,,,
D-14,14,-17.8657,-50.9233,Farm B,Municipality 1,,,,,,,,,,,,,,,,,,,,,,,,,
D-04,4,-17.894,-50.8948,Farm B,Municipality 1,,,,,,,,,,,,,,,,,,,,,,,,,
D-49,49,-17.4826,-51.1377,Farm B,Municipality 1,,Anual,Soja,,Verão,2026-02-28,16.8338,3.4772,0.3586,417.615,255.73,0.6124,4.8412,0.06583,0.7412,146.247,26.74,12.69,2.07,26.12,12.48,1.97,2.3,R1,50.34
D-04,4,-17.5039,-50.8988,Farm B,Municipality 1,,,,,,,,,,,,,,,,,,,,,,,,,
D-45,45,-17.4698,-50.9406,Farm A,Municipality 1,,,,,,,,,,,,,,,,,,,,,,,,,
D-06,6,-17.8746,-50.9001,Farm B,Municipality 1,,,,,,,,,,,,,,,,,,,,,,,,,
D-62,62,-17.7445,-51.04,Farm B,Municipality 1,,,,,,,,,,,,,,,,,,,,,,,,,
D-14,14,-17.7558,-51.128,Farm A,Municipality 1,,,,,,,,,,,,,,,,,,,,,,,,,
D-01,1,-17.4821,-51.0881,Farm B,Municipality 1,,,,,,,,,,,,,,,,,,,,,,,,,
D-45,45,-17.4941,-50.8344,Farm A,Municipality 1,,,,,,,,,,,,,,,,,,,,,,,,,
D-65,65,-17.7701,-51.1459,Farm A,Municipality 1,,,,,,,,,,,,,,,,,,,,,,,,,
D-35,35,-17.5063,-50.8672,Farm B,Municipality 1,,Anual,Soja,,Verão,2026-02-28,24.3138,4.7962,0.3148,418.956,292.895,0.6991,5.0694,0.08301,0.6542,158.692,31.07,12.8,3.52,32.33,13.98,3.45,3.23,R3,80.19
D-72,72,-17.6764,-50.9791,Farm A,Municipality 1,,,,,,,,,,,,,,,,,,,,,,,,,
D-74,74,-17.5382,-51.1219,Farm A,Municipality 1,,,,,,,,,,,,,,,,,,,,,,,,,
D-36,36,-17.7075,-51.1987,Farm B,Municipality 1,,,,,,,,,,,,,,,,,,,,,,,,,
D-18,18,-17.7711,-50.9228,Farm B,Municipality 1,,,,,,,,,,,,,,,,,,,,,,,,,
D-10,10,-17.6734,-50.9462,Farm B,Municipality 1,,Anual,Soja,,Verão,2026-02-28,13.3443,2.4291,0.1162,416.315,253.04,0.6078,5.4935,0.05274,0.7392,149.241,36.34,7.69,3.57,33.8,7.67,3.34,3.48,R1,83.37
D-42,42,-17.7378,-50.8807,Farm A,Municipality 1,,,,,,,,,,,,,,,,,,,,,,,,,
D-66,66,-17.4742,-51.1814,Farm A,Municipality 1,,,,,,,,,,,,,,,,,,,,,,,,,
D-36,36,-17.7223,-50.9538,Farm A,Municipality 1,,,,,,,,,,,,,,,,,,,,,,,,,
D-87,87,-17.6104,-51.1331,Farm B,Municipality 1,,,,,,,,,,,,,,,,,,,,,,,,,
D-85,85,-17.8024,-51.094,Farm A,Municipality 1,,,,,,,,,,,,,,,,,,,,,,,,,
D-28,28,-17.4785,-51.1773,Farm B,Municipality 1,,,,,,,,,,,,,,,,,,,,,,,,,
D-21,21,-17.8337,-50.8691,Farm B,Municipality 1,,,,,,,,,,,,,,,,,,,,,,,,,
D-29,29,-17.5103,-51.083,Farm A,Municipality 1,,,,,,,,,,,,,,,,,,,,,,,,,
D-16,16,-17.5408,-50.9655,Farm B,Municipality 1,,,,,,,,,,,,,,,,,,,,,,,,,
D-55,55,-17.5419,-50.85,Farm A,Municipality 1,,,,,,,,,,,,,,,,,,,,,,,,,
D-50,50,-17.8866,-50.9786,Farm A,Municipality 1,,,,,,,,,,,,,,,,,,,,,,,,,
D-67,67,-17.6376,-50.954,Farm A,Municipality 1,,,,,,,,,,,,,,,,,,,,,,,,,
D-18,18,-17.7724,-50.9155,Farm A,Municipality 1,,,,,,,,,,,,,,,,,,,,,,,,,
D-62,62,-17.8665,-51.0387,Farm A,Municipality 1,,,,,,,,,,,,,,,,,,,,,,,,,
D-28,28,-17.7433,-50.8613,Farm A,Municipality 1,,,,,,,,,,,,,,,,,,,,,,,,,
D-25,25,-17.7355,-51.0018,Farm A,Municipality 1,,,,,,,,,,,,,,,,,,,,,,,,,
D-86,86,-17.6744,-51.0149,Farm A,Municipality 1,,,,,,,,,,,,,,,,,,,,,,,,,
D-34,34,-17.5035,-50.8609,Farm A,Municipality 1,,,,,,,,,,,,,,,,,,,,,,,,,
D-67,67,-17.8307,-51.0286,Farm A,Municipality 1,,,,,,,,,,,,,,,,,,,,,,,,,
D-60,60,-17.7534,-51.0776,Farm A,Municipality 1,,,,,,,,,,,,,,,,,,,,,,,,,
D-79,79,-17.5228,-50.8591,Farm B,Municipality 1,,,,,,,,,,,,,,,,,,,,,,,,,
D-74,74,-17.6538,-51.1755,Farm B,Municipality 1,,,,,,,,,,,,,,,,,,,,,,,,,
D-66,66,-17.599,-51.0308,Farm B,Municipality 1,,,,,,,,,,,,,,,,,,,,,,,,,
D-09,9,-17.5264,-50.8421,Farm B,Municipality 1,,,,,,,,,,,,,,,,,,,,,,,,,
D-48,48,-17.833,-50.9955,Farm B,Municipality 1,,,,,,,,,,,,,,,,,,,,,,,,,
D-12,12,-17.7093,-51.0043,Farm A,Municipality 1,,,,,,,,,,,,,,,,,,,,,,,,,
D-65,65,-17.498,-50.8993,Farm B,Municipality 1,,,,,,,,,,,,,,,,,,,,,,,,,
D-43,43,-17.4077,-50.9288,Farm A,Municipality 1,,,,,,,,,,,,,,,,,,,,,,,,,
D-58,58,-17.5093,-51.0491,Farm B,Municipality 1,,,,,,,,,,,,,,,,,,,,,,,,,
D-12,12,-17.5529,-50.9676,Farm A,Municipality 1,,Perene,Cana-de-açúcar,,Verão,2026-01-23,16.0289,3.6131,0.1963,414.959,298.158,0.7185,4.4363,0.05376,0.7171,144.596,28.45,12.93,1.46,29.83,11.87,1.47,1.34,V4,78.45
D-46,46,-17.8059,-51.0644,Farm A,Municipality 1,,,,,,,,,,,,,,,,,,,,,,,,,
D-24,24,-17.6768,-50.8188,Farm B,Municipality 1,,,,,,,,,,,,,,,,,,,,,,,,,
D-86,86,-17.4055,-50.8212,Farm B,Municipality 1,,,,,,,,,,,,,,,,,,,,,,,,,
D-70,70,-17.4259,-51.1634,Farm B,Municipality 1,,,,,,,,,,,,,,,,,,,,,,,,,
D-16,16,-17.8767,-50.896,Farm B,Municipality 1,,,,,,,,,,,,,,,,,,,,,,,,,
D-33,33,-17.8766,-51.1302,Farm B,Municipality 1,,,,,,,,,,,,,,,,,,,,,,,,,
D-69,69,-17.5509,-51.0886,Farm B,Municipality 1,,,,,,,,,,,,,,,,,,,,,,,,,
D-51,51,-17.8713,-50.8599,Farm A,Municipality 1,,,,,,,,,,,,,,,,,,,,,,,,,
D-79,79,-17.6087,-51.042,Farm B,Municipality 1,,,,,,,,,,,,,,,,,,,,,,,,,
D-05,5,-17.4812,-51.0062,Farm A,Municipality 1,,,,,,,,,,,,,,,,,,,,,,,,,
D-60,60,-17.5225,-51.1851,Farm B,Municipality 1,,,,,,,,,,,,,,,,,,,,,,,,,
D-87,87,-17.4947,-50.9153,Farm A,Municipality 1,,,,,,,,,,,,,,,,,,,,,,,,,
D-75,75,-17.8551,-51.1899,Farm A,Municipality 1,,,,,,,,,,,,,,,,,,,,,,,,,
D-37,37,-17.5631,-51.1783,Farm A,Municipality 1,,,,,,,,,,,,,,,,,,,,,,,,,
D-59,59,-17.4355,-51.0981,Farm B,Municipality 1,,,,,,,,,,,,,,,,,,,,,,,,,
D-75,75,-17.8389,-50.8295,Farm A,Municipality 1,,,,,,,,,,,,,,,,,,,,,,,,,
D-35,35,-17.4322,-50.9503,Farm B,Municipality 1,,,,,,,,,,,,,,,,,,,,,,,,,
D-58,58,-17.5494,-50.8837,Farm A,Municipality 1,,,,,,,,,,,,,,,,,,,,,,,,,
D-22,22,-17.8195,-51.0897,Farm A,Municipality 1,,,,,,,,,,,,,,,,,,,,,,,,,
D-51,51,-17.55,-50.9408,Farm B,Municipality 1,,,,,,,,,,,,,,,,,,,,,,,,,
D-54,54,-17.8706,-50.9034,Farm B,Municipality 1,,,,,,,,,,,,,,,,,,,,,,,,,
D-35,35,-17.8267,-50.9789,Farm A,Municipality 1,,,,,,,,,,,,,,,,,,,,,,,,,
D-81,81,-17.8378,-51.0818,Farm B,Municipality 1,,,,,,,,,,,,,,,,,,,,,,,,,
D-23,23,-17.5719,-51.1855,Farm A,Municipality 1,,Perene,Cana-de-açúcar,,Verão,2025-12-19,18.4807,4.043,0.2283,421.081,240.3,0.5707,4.571,0.07691,0.6964,160.68,27.1,11.59,3.76,24.11,10.55,3.39,3.17,V4,71.43
D-06,6,-17.4162,-50.8647,Farm B,Municipality 1,,,,,,,,,,,,,,,,,,,,,,,,,
D-61,61,-17.4223,-51.0737,Farm A,Municipality 1,,,,,,,,,,,,,,,,,,,,,,,,,
D-80,80,-17.6828,-50.8932,Farm B,Municipality 1,,,,,,,,,,,,,,,,,,,,,,,,,
D-81,81,-17.7167,-50.9914,Farm A,Municipality 1,,,,,,,,,,,,,,,,,,,,,,,,,
D-33,33,-17.6401,-51.0527,Farm A,Municipality 1,,,,,,,,,,,,,,,,,,,,,,,,,
D-47,47,-17.8096,-51.1132,Farm A,Municipality 1,,,,,,,,,,,,,,,,,,,,,,,,,
D-21,21,-17.4814,-51.0773,Farm A,Municipality 1,,,,,,,,,,,,,,,,,,,,,,,,,
D-46,46,-17.6924,-50.8042,Farm B,Municipality 1,,,,,,,,,,,,,,,,,,,,,,,,,
D-31,31,-17.5571,-50.8636,Farm B,Municipality 1,,,,,,,,,,,,,,,,,,,,,,,,,
D-05,5,-17.6811,-51.0625,Farm B,Municipality 1,,,,,,,,,,,,,,,,,,,,,,,,,
D-13,13,-17.5197,-50.9167,Farm B,Municipality 1,,,,,,,,,,,,,,,,,,,,,,,,,
D-28,28,-17.8312,-50.9744,Farm B,Municipality 1,,,,,,,,,,,,,,,,,,,,,,,,,
D-90,90,-17.651,-51.1367,Farm A,Municipality 1,,,,,,,,,,,,,,,,,,,,,,,,,
D-22,22,-17.8033,-51.074,Farm A,Municipality 1,,,,,,,,,,,,,,,,,,,,,,,,,
D-76,76,-17.8678,-51.0984,Farm B,Municipality 1,,,,,,,,,,,,,,,,,,,,,,,,,
D-29,29,-17.6722,-50.8279,Farm A,Municipality 1,,,,,,,,,,,,,,,,,,,,,,,,,
D-16,16,-17.4819,-50.8268,Farm A,Municipality 1,,,,,,,,,,,,,,,,,,,,,,,,,
D-73,73,-17.8359,-50.8877,Farm A,Municipality 1,,,,,,,,,,,,,,,,,,,,,,,,,
D-29,29,-17.7106,-50.8714,Farm B,Municipality 1,,,,,,,,,,,,,,,,,,,,,,,,,
D-02,2,-17.7777,-50.9216,Farm A,Municipality 1,,,,,,,,,,,,,,,,,,,,,,,,,
D-48,48,-17.485,-51.1183,Farm A,Municipality 1,,,,,,,,,,,,,,,,,,,,,,,,,
D-79,79,-17.6615,-51.0645,Farm A,Municipality 1,,,,,,,,,,,,,,,,,,,,,,,,,
D-50,50,-17.4778,-51.13,Farm A,Municipality 1,,,,,,,,,,,,,,,,,,,,,,,,,
D-83,83,-17.4407,-51.1005,Farm A,Municipality 1,,,,,,,,,,,,,,,,,,,,,,,,,
D-47,47,-17.8674,-50.8272,Farm A,Municipality 1,,,,,,,,,,,,,,,,,,,,,,,,,
D-47,47,-17.6338,-50.9431,Farm B,Municipality 1,,,,,,,,,,,,,,,,,,,,,,,,,
D-29,29,-17.7724,-50.9955,Farm A,Municipality 1,,,,,,,,,,,,,,,,,,,,,,,,,
D-71,71,-17.7085,-51.0102,Farm A,Municipality 1,,,,,,,,,,,,,,,,,,,,,,,,,
D-49,49,-17.8634,-51.1287,Farm A,Municipality 1,,,,,,,,,,,,,,,,,,,,,,,,,
D-01,1,-17.6542,-51.0052,Farm A,Municipality 1,,,,,,,,,,,,,,,,,,,,,,,,,
D-72,72,-17.6212,-50.8996,Farm A,Municipality 1,,,,,,,,,,,,,,,,,,,,,,,,,
D-13,13,-17.7752,-51.1526,Farm B,Municipality 1,,,,,,,,,,,,,,,,,,,,,,,,,
D-63,63,-17.6402,-50.8671,Farm B,Municipality 1,,,,,,,,,,,,,,,,,,,,,,,,,
D-51,51,-17.7223,-50.9618,Farm A,Municipality 1,,,,,,,,,,,,,,,,,,,,,,,,,
D-80,80,-17.8903,-51.0383,Farm A,Municipality 1,,,,,,,,,,,,,,,,,,,,,,,,,
D-80,80,-17.8056,-50.8946,Farm A,Municipality 1,,,,,,,,,,,,,,,,,,,,,,,,,
D-36,36,-17.7428,-51.0393,Farm B,Municipality 1,,,,,,,,,,,,,,,,,,,,,,,,,
D-30,30,-17.8135,-50.8016,Farm A,Municipality 1,,,,,,,,,,,,,,,,,,,,,,,,,
D-11,11,-17.7382,-51.1049,Farm A,Municipality 1,,,,,,,,,,,,,,,,,,,,,,,,,
D-30,30,-17.553,-50.941,Farm A,Municipality 1,,,,,,,,,,,,,,,,,,,,,,,,,
D-39,39,-17.7519,-51.1321,Farm A,Municipality 1,,,,,,,,,,,,,,,,,,,,,,,,,
D-36,36,-17.7962,-50.9747,Farm B,Municipality 1,,,,,,,,,,,,,,,,,,,,,,,,,
D-57,57,-17.6975,-50.915,Farm B,Municipality 1,,,,,,,,,,,,,,,,,,,,,,,,,
D-15,15,-17.6355,-51.1996,Farm A,Municipality 1,,,,,,,,,,,,,,,,,,,,,,,,,
D-19,19,-17.6588,-50.8311,Farm B,Municipality 1,,,,,,,,,,,,,,,,,,,,,,,,,
D-08,8,-17.6914,-50.9713,Farm B,Municipality 1,,,,,,,,,,,,,,,,,,,,,,,,,
D-35,35,-17.7174,-50.9211,Farm B,Municipality 1,,,,,,,,,,,,,,,,,,,,,,,,,
D-45,45,-17.5786,-51.1241,Farm A,Municipality 1,,,,,,,,,,,,,,,,,,,,,,,,,
D-22,22,-17.5022,-50.9642,Farm B,Municipality 1,,,,,,,,,,,,,,,,,,,,,,,,,
D-66,66,-17.4312,-50.8391,Farm B,Municipality 1,,,,,,,,,,,,,,,,,,,,,,,,,
D-20,20,-17.501,-51.1601,Farm B,Municipality 1,,Anual,Soja,,Verão,2025-12-19,22.5833,9.6965,0.2219,414.059,268.192,0.6477,2.329,0.08421,0.6748,172.711,35.81,7.62,2.8,35.3,9.14,2.81,3.23,V4,83.13
D-83,83,-17.8317,-50.8898,Farm A,Municipality 1,,,,,,,,,,,,,,,,,,,,,,,,,
D-11,11,-17.569,-50.9477,Farm B,Municipality 1,,,,,,,,,,,,,,,,,,,,,,,,,
D-76,76,-17.5474,-50.8647,Farm A,Municipality 1,,,,,,,,,,,,,,,,,,,,,,,,,
D-63,63,-17.5522,-51.1444,Farm B,Municipality 1,,,,,,,,,,,,,,,,,,,,,,,,,
D-59,59,-17.6444,-50.8754,Farm B,Municipality 1,,,,,,,,,,,,,,,,,,,,,,,,,
D-50,50,-17.4941,-50.8725,Farm A,Municipality 1,,,,,,,,,,,,,,,,,,,,,,,,,
D-05,5,-17.8165,-51.1909,Farm A,Municipality 1,,Perene,Cana-de-açúcar,,Verão,2025-12-19,16.5241,3.5283,0.1648,418.977,247.235,0.5901,4.6833,0.06684,0.7474,134.611,28.79,12.88,2.85,29.52,12.5,2.86,2.97,V4,93.93
D-23,23,-17.6924,-51.0906,Farm A,Municipality 1,,,,,,,,,,,,,,,,,,,,,,,,,
D-32,32,-17.6024,-50.8868,Farm B,Municipality 1,,,,,,,,,,,,,,,,,,,,,,,,,
D-03,3,-17.8911,-50.83,Farm B,Municipality 1,,,,,,,,,,,,,,,,,,,,,,,,,
D-54,54,-17.5584,-51.1993,Farm A,Municipality 1,,,,,,,,,,,,,,,,,,,,,,,,,
D-86,86,-17.6093,-51.0333,Farm A,Municipality 1,,,,,,,,,,,,,,,,,,,,,,,,,
D-03,3,-17.838,-50.9779,Farm B,Municipality 1,,,,,,,,,,,,,,,,,,,,,,,,,
D-22,22,-17.5755,-50.8887,Farm B,Municipality 1,,,,,,,,,,,,,,,,,,,,,,,,,
D-07,7,-17.7829,-51.0512,Farm A,Municipality 1,,,,,,,,,,,,,,,,,,,,,,,,,
D-37,37,-17.6216,-51.1189,Farm B,Municipality 1,,,,,,,,,,,,,,,,,,,,,,,,,
D-53,53,-17.7234,-50.9539,Farm A,Municipality 1,,,,,,,,,,,,,,,,,,,,,,,,,
D-44,44,-17.8919,-51.019,Farm B,Municipality 1,,,,,,,,,,,,,,,,,,,,,,,,,
D-43,43,-17.4747,-50.9067,Farm A,Municipality 1,,,,,,,,,,,,,,,,,,,,,,,,,
D-53,53,-17.4723,-51.044,Farm A,Municipality 1,,,,,,,,,,,,,,,,,,,,,,,,,
D-69,69,-17.7945,-50.833,Farm B,Municipality 1,,,,,,,,,,,,,,,,,,,,,,,,,
D-78,78,-17.7599,-50.856,Farm B,Municipality 1,,,,,,,,,,,,,,,,,,,,,,,,,
D-53,53,-17.8705,-51.1194,Farm B,Municipality 1,,,,,,,,,,,,,,,,,,,,,,,,,
D-44,44,-17.5076,-51.1453,Farm B,Municipality 1,,,,,,,,,,,,,,,,,,,,,,,,,
D-24,24,-17.8498,-51.0942,Farm B,Municipality 1,,Anual,Soja,,Verão,2025-12-19,19.7202,4.6164,0.2487,402.715,245.527,0.6097,4.2718,0.08032,0.7065,135.082,35.94,9.13,4.75,36.54,9.58,4.59,5.0,R3,108.15
D-40,40,-17.6844,-51.0806,Farm A,Municipality 1,,,,,,,,,,,,,,,,,,,,,,,,,
D-16,16,-17.7343,-50.9414,Farm B,Municipality 1,,,,,,,,,,,,,,,,,,,,,,,,,
D-33,33,-17.8184,-50.9971,Farm B,Municipality 1,,,,,,,,,,,,,,,,,,,,,,,,,
D-45,45,-17.8219,-51.0197,Farm A,Municipality 1,,,,,,,,,,,,,,,,,,,,,,,,,
D-06,6,-17.805,-51.1754,Farm B,Municipality 1,,,,,,,,,,,,,,,,,,,,,,,,,
D-30,30,-17.4863,-50.9626,Farm B,Municipality 1,,,,,,,,,,,,,,,,,,,,,,,,,
D-81,81,-17.4327,-51.0099,Farm A,Municipality 1,,,,,,,,,,,,,,,,,,,,,,,,,
D-33,33,-17.5629,-51.176,Farm A,Municipality 1,,,,,,,,,,,,,,,,,,,,,,,,,
D-49,49,-17.8001,-51.0831,Farm A,Municipality 1,,,,,,,,,,,,,,,,,,,,,,,,,
D-71,71,-17.5725,-50.8018,Farm A,Municipality 1,,,,,,,,,,,,,,,,,,,,,,,,,
D-60,60,-17.4737,-50.9712,Farm A,Municipality 1,,,,,,,,,,,,,,,,,,,,,,,,,
D-20,20,-17.5711,-51.0326,Farm A,Municipality 1,,Perene,Cana-de-açúcar,,Verão,2026-02-28,19.5516,3.6673,0.2383,415.576,197.637,0.4756,5.3313,0.09893,0.8086,186.246,25.04,12.77,1.83,26.65,12.96,1.89,1.9,R3,67.73
D-64,64,-17.603,-51.1021,Farm B,Municipality 1,,,,,,,,,,,,,,,,,,,,,,,,,
D-09,9,-17.8576,-51.0632,Farm B,Municipality 1,,Anual,Soja,,Verão,2026-01-23,22.6043,5.7718,0.0752,427.887,207.278,0.4844,3.9163,0.10905,0.6532,148.589,26.45,10.14,2.95,29.53,10.28,2.86,2.91,R3,97.31
D-12,12,-17.66,-50.8009,Farm A,Municipality 1,,,,,,,,,,,,,,,,,,,,,,,,,
D-27,27,-17.561,-50.9332,Farm B,Municipality 1,,,,,,,,,,,,,,,,,,,,,,,,,
D-58,58,-17.6341,-51.1183,Farm A,Municipality 1,,,,,,,,,,,,,,,,,,,,,,,,,
D-57,57,-17.6009,-50.8408,Farm B,Municipality 1,,,,,,,,,,,,,,,,,,,,,,,,,
D-30,30,-17.736,-50.8776,Farm B,Municipality 1,,,,,,,,,,,,,,,,,,,,,,,,,
D-07,7,-17.5849,-50.9916,Farm A,Municipality 1,,,,,,,,,,,,,,,,,,,,,,,,,
D-48,48,-17.5365,-50.8544,Farm A,Municipality 1,,,,,,,,,,,,,,,,,,,,,,,,,
D-82,82,-17.7951,-51.1635,Farm B,Municipality 1,,,,,,,,,,,,,,,,,,,,,,,,,
D-39,39,-17.4029,-50.9581,Farm A,Municipality 1,,,,,,,,,,,,,,,,,,,,,,,,,
D-75,75,-17.8223,-50.9574,Farm A,Municipality 1,,,,,,,,,,,,,,,,,,,,,,,,,
D-57,57,-17.4423,-50.9926,Farm A,Municipality 1,,,,,,,,,,,,,,,,,,,,,,,,,
D-74,74,-17.6235,-51.0916,Farm B,Municipality 1,,,,,,,,,,,,,,,,,,,,,,,,,
D-49,49,-17.8516,-51.1069,Farm A,Municipality 1,,,,,,,,,,,,,,,,,,,,,,,,,
D-74,74,-17.5358,-51.0235,Farm B,Municipality 1,,,,,,,,,,,,,,,,,,,,,,,,,
D-71,71,-17.6287,-50.8992,Farm B,Municipality 1,,,,,,,,,,,,,,,,,,,,,,,,,
D-53,53,-17.6987,-51.1383,Farm A,Municipality 1,,,,,,,,,,,,,,,,,,,,,,,,,
D-05,5,-17.7396,-50.8968,Farm A,Municipality 1,,,,,,,,,,,,,,,,,,,,,,,,,
D-65,65,-17.5272,-51.1662,Farm A,Municipality 1,,,,,,,,,,,,,,,,,,,,,,,,,
D-39,39,-17.8303,-50.8558,Farm B,Municipality 1,,,,,,,,,,,,,,,,,,,,,,,,,
D-58,58,-17.8079,-51.1569,Farm B,Municipality 1,,,,,,,,,,,,,,,,,,,,,,,,,
D-18,18,-17.4978,-50.9869,Farm A,Municipality 1,,Perene,Cana-de-açúcar,,Verão,2026-02-28,20.8872,4.533,0.1568,412.324,305.64,0.7413,4.6079,0.06834,0.7463,143.718,33.89,12.32,4.5,35.37,11.37,4.69,4.45,R1,108.42
D-47,47,-17.685,-51.027,Farm B,Municipality 1,,,,,,,,,,,,,,,,,,,,,,,,,
D-29,29,-17.7558,-50.9866,Farm B,Municipality 1,,,,,,,,,,,,,,,,,,,,,,,,,
D-22,22,-17.4015,-51.1879,Farm A,Municipality 1,,,,,,,,,,,,,,,,,,,,,,,,,
D-37,37,-17.8005,-51.1097,Farm A,Municipality 1,,,,,,,,,,,,,,,,,,,,,,,,,
D-90,90,-17.8055,-50.8574,Farm A,Municipality 1,,,,,,,,,,,,,,,,,,,,,,,,,
D-18,18,-17.8614,-51.1431,Farm B,Municipality 1,,,,,,,,,,,,,,,,,,,,,,,,,
D-20,20,-17.4051,-51.1704,Farm A,Municipality 1,,,,,,,,,,,,,,,,,,,,,,,,,
D-69,69,-17.5454,-50.8817,Farm B,Municipality 1,,,,,,,,,,,,,,,,,,,,,,,,,
D-12,12,-17.4194,-50.9277,Farm B,Municipality 1,,,,,,,,,,,,,,,,,,,,,,,,,
D-10,10,-17.8788,-50.8525,Farm A,Municipality 1,,,,,,,,,,,,,,,,,,,,,,,,,
D-38,38,-17.5591,-51.1802,Farm B,Municipality 1,,,,,,,,,,,,,,,,,,,,,,,,,
D-76,76,-17.7356,-50.9076,Farm A,Municipality 1,,,,,,,,,,,,,,,,,,,,,,,,,
D-10,10,-17.7846,-51.1891,Farm A,Municipality 1,,,,,,,,,,,,,,,,,,,,,,,,,
D-41,41,-17.4354,-50.8076,Farm B,Municipality 1,,,,,,,,,,,,,,,,,,,,,,,,,
D-56,56,-17.5804,-50.9238,Farm B,Municipality 1,,,,,,,,,,,,,,,,,,,,,,,,,
D-84,84,-17.5343,-50.8778,Farm A,Municipality 1,,,,,,,,,,,,,,,,,,,,,,,,,
D-43,43,-17.4656,-51.1557,Farm B,Municipality 1,,,,,,,,,,,,,,,,,,,,,,,,,
D-47,47,-17.8197,-51.0771,Farm A,Municipality 1,,,,,,,,,,,,,,,,,,,,,,,,,
D-77,77,-17.8027,-51.1984,Farm B,Municipality 1,,,,,,,,,,,,,,,,,,,,,,,,,
D-89,89,-17.7631,-51.0621,Farm A,Municipality 1,,,,,,,,,,,,,,,,,,,,,,,,,
D-36,36,-17.7826,-51.1577,Farm B,Municipality 1,,,,,,,,,,,,,,,,,,,,,,,,,
D-77,77,-17.7561,-51.1529,Farm B,Municipality 1,,,,,,,,,,,,,,,,,,,,,,,,,
D-83,83,-17.8215,-50.8887,Farm B,Municipality 1,,,,,,,,,,,,,,,,,,,,,,,,,
D-35,35,-17.7554,-50.92,Farm B,Municipality 1,,,,,,,,,,,,,,,,,,,,,,,,,
D-17,17,-17.7668,-51.1441,Farm A,Municipality 1,,Perene,Cana-de-açúcar,,Verão,2026-01-23,16.9065,4.2018,0.2231,412.663,260.258,0.6307,4.0236,0.06496,0.7306,159.415,35.36,3.3,2.91,37.95,2.07,3.13,2.83,R1,83.77
D-02,2,-17.8275,-50.9912,Farm B,Municipality 1,,,,,,,,,,,,,,,,,,,,,,,,,
D-25,25,-17.7918,-50.8684,Farm A,Municipality 1,,,,,,,,,,,,,,,,,,,,,,,,,
D-16,16,-17.7028,-50.9738,Farm B,Municipality 1,,,,,,,,,,,,,,,,,,,,,,,,,
D-38,38,-17.7392,-51.1656,Farm A,Municipality 1,,,,,,,,,,,,,,,,,,,,,,,,,
D-11,11,-17.4626,-51.0905,Farm B,Municipality 1,,,,,,,,,,,,,,,,,,,,,,,,,
D-39,39,-17.5025,-51.0868,Farm A,Municipality 1,,,,,,,,,,,,,,,,,,,,,,,,,
D-44,44,-17.6351,-51.0544,Farm A,Municipality 1,,,,,,,,,,,,,,,,,,,,,,,,,
D-69,69,-17.5924,-51.0474,Farm B,Municipality 1,,,,,,,,,,,,,,,,,,,,,,,,,
D-39,39,-17.4525,-50.971,Farm B,Municipality 1,,,,,,,,,,,,,,,,,,,,,,,,,
D-23,23,-17.4772,-50.992,Farm A,Municipality 1,,,,,,,,,,,,,,,,,,,,,,,,,
D-87,87,-17.8529,-51.1237,Farm B,Municipality 1,,,,,,,,,,,,,,,,,,,,,,,,,
D-12,12,-17.7468,-51.186,Farm A,Municipality 1,,,,,,,,,,,,,,,,,,,,,,,,,
D-55,55,-17.522,-50.8601,Farm A,Municipality 1,,,,,,,,,,,,,,,,,,,,,,,,,
D-27,27,-17.6254,-51.0274,Farm A,Municipality 1,,Perene,Cana-de-açúcar,,Verão,2026-01-23,15.2424,3.4304,0.3362,423.848,250.708,0.5915,4.4434,0.0608,0.6996,192.362,26.58,11.56,3.6,26.91,12.7,3.62,3.74,R1,83.86
D-39,39,-17.7782,-51.1057,Farm A,Municipality 1,,,,,,,,,,,,,,,,,,,,,,,,,
D-87,87,-17.8957,-51.1811,Farm A,Municipality 1,,,,,,,,,,,,,,,,,,,,,,,,,
D-04,4,-17.5989,-50.8315,Farm A,Municipality 1,,,,,,,,,,,,,,,,,,,,,,,,,
D-59,59,-17.6366,-50.9444,Farm B,Municipality 1,,,,,,,,,,,,,,,,,,,,,,,,,
D-11,11,-17.7388,-51.1378,Farm B,Municipality 1,,Anual,Soja,,Verão,2026-01-23,16.6104,4.3323,0.1177,402.075,177.101,0.4405,3.8341,0.09379,0.641,140.779,31.92,11.82,2.53,32.55,12.13,2.49,2.73,R3,97.5
D-39,39,-17.5425,-50.9597,Farm A,Municipality 1,,,,,,,,,,,,,,,,,,,,,,,,,
D-65,65,-17.6348,-51.0503,Farm B,Municipality 1,,,,,,,,,,,,,,,,,,,,,,,,,
D-29,29,-17.6039,-51.1113,Farm A,Municipality 1,,,,,,,,,,,,,,,,,,,,,,,,,
D-19,19,-17.4294,-51.0704,Farm A,Municipality 1,,,,,,,,,,,,,,,,,,,,,,,,,
D-21,21,-17.4859,-51.0737,Farm B,Municipality 1,,,,,,,,,,,,,,,,,,,,,,,,,
D-67,67,-17.8602,-50.8997,Farm A,Municipality 1,,,,,,,,,,,,,,,,,,,,,,,,,
D-05,5,-17.5928,-50.8698,Farm A,Municipality 1,,,,,,,,,,,,,,,,,,,,,,,,,
D-19,19,-17.8458,-51.1493,Farm A,Municipality 1,,,,,,,,,,,,,,,,,,,,,,,,,
D-87,87,-17.8884,-51.0885,Farm B,Municipality 1,,,,,,,,,,,,,,,,,,,,,,,,,
D-58,58,-17.8909,-51.19,Farm A,Municipality 1,,,,,,,,,,,,,,,,,,,,,,,,,
D-88,88,-17.8479,-51.1464,Farm B,Municipality 1,,,,,,,,,,,,,,,,,,,,,,,,,
D-37,37,-17.7817,-50.8363,Farm A,Municipality 1,,,,,,,,,,,,,,,,,,,,,,,,,
D-50,50,-17.8852,-50.8041,Farm A,Municipality 1,,,,,,,,,,,,,,,,,,,,,,,,,
D-79,79,-17.8275,-50.8312,Farm A,Municipality 1,,,,,,,,,,,,,,,,,,,,,,,,,
D-90,90,-17.5398,-50.9684,Farm A,Municipality 1,,,,,,,,,,,,,,,,,,,,,,,,,
D-80,80,-17.4434,-51.1013,Farm B,Municipality 1,,,,,,,,,,,,,,,,,,,,,,,,,
D-66,66,-17.8145,-51.0297,Farm B,Municipality 1,,,,,,,,,,,,,,,,,,,,,,,,,
D-26,26,-17.8848,-51.0139,Farm A,Municipality 1,,,,,,,,,,,,,,,,,,,,,,,,,
D-21,21,-17.8482,-50.9988,Farm A,Municipality 1,,,,,,,,,,,,,,,,,,,,,,,,,
D-40,40,-17.7148,-51.0727,Farm A,Municipality 1,,,,,,,,,,,,,,,,,,,,,,,,,
D-77,77,-17.6185,-50.92,Farm A,Municipality 1,,,,,,,,,,,,,,,,,,,,,,,,,
D-23,23,-17.6771,-51.0711,Farm B,Municipality 1,,,,,,,,,,,,,,,,,,,,,,,,,
D-72,72,-17.5905,-50.896,Farm A,Municipality 1,,,,,,,,,,,,,,,,,,,,,,,,,
D-90,90,-17.5206,-51.0625,Farm A,Municipality 1,,,,,,,,,,,,,,,,,,,,,,,,,
D-69,69,-17.6417,-50.9584,Farm A,Municipality 1,,,,,,,,,,,,,,,,,,,,,,,,,
D-65,65,-17.5008,-50.8366,Farm B,Municipality 1,,,,,,,,,,,,,,,,,,,,,,,,,
D-90,90,-17.6326,-51.1944,Farm B,Municipality 1,,,,,,,,,,,,,,,,,,,,,,,,,
D-45,45,-17.6587,-50.8304,Farm A,Municipality 1,,,,,,,,,,,,,,,,,,,,,,,,,
D-23,23,-17.7431,-51.0909,Farm A,Municipality 1,,,,,,,,,,,,,,,,,,,,,,,,,
D-56,56,-17.4652,-50.9206,Farm B,Municipality 1,,,,,,,,,,,,,,,,,,,,,,,,,
D-37,37,-17.7195,-50.9141,Farm A,Municipality 1,,,,,,,,,,,,,,,,,,,,,,,,,
D-73,73,-17.6825,-51.0337,Farm B,Municipality 1,,,,,,,,,,,,,,,,,,,,,,,,,
D-27,27,-17.4381,-51.0248,Farm B,Municipality 1,,Anual,Soja,,Verão,2025-12-19,14.7689,2.8625,0.2487,405.701,237.788,0.5861,5.1594,0.06211,0.817,170.845,39.21,10.99,3.43,37.17,10.79,3.24,3.66,R1,85.69
D-71,71,-17.8747,-50.853,Farm B,Municipality 1,,,,,,,,,,,,,,,,,,,,,,,,,
D-53,53,-17.8976,-50.9082,Farm B,Municipality 1,,,,,,,,,,,,,,,,,,,,,,,,,
D-89,89,-17.5809,-51.062,Farm A,Municipality 1,,,,,,,,,,,,,,,,,,,,,,,,,
D-37,37,-17.6955,-51.1653,Farm B,Municipality 1,,,,,,,,,,,,,,,,,,,,,,,,,
D-48,48,-17.7774,-50.8149,Farm A,Municipality 1,,,,,,,,,,,,,,,,,,,,,,,,,
D-52,52,-17.6045,-50.9513,Farm A,Municipality 1,,,,,,,,,,,,,,,,,,,,,,,,,
D-24,24,-17.7919,-51.006,Farm A,Municipality 1,,,,,,,,,,,,,,,,,,,,,,,,,
D-09,9,-17.5639,-51.0875,Farm A,Municipality 1,,Perene,Cana-de-açúcar,,Verão,2025-12-19,13.6442,3.3267,0.1712,411.677,285.959,0.6946,4.1014,0.04771,0.6195,157.481,28.79,10.52,2.27,28.98,11.31,2.15,1.98,R1,65.7
D-34,34,-17.7646,-51.0689,Farm B,Municipality 1,,,,,,,,,,,,,,,,,,,,,,,,,
D-57,57,-17.5491,-51.0389,Farm A,Municipality 1,,,,,,,,,,,,,,,,,,,,,,,,,
D-80,80,-17.8072,-51.1236,Farm A,Municipality 1,,,,,,,,,,,,,,,,,,,,,,,,,
D-12,12,-17.801,-50.8939,Farm A,Municipality 1,,,,,,,,,,,,,,,,,,,,,,,,,
D-83,83,-17.7202,-51.1102,Farm B,Municipality 1,,,,,,,,,,,,,,,,,,,,,,,,,
D-77,77,-17.8468,-50.8107,Farm A,Municipality 1,,,,,,,,,,,,,,,,,,,,,,,,,
D-06,6,-17.8918,-51.0106,Farm A,Municipality 1,,,,,,,,,,,,,,,,,,,,,,,,,
D-12,12,-17.7896,-50.9975,Farm A,Municipality 1,,,,,,,,,,,,,,,,,,,,,,,,,
D-80,80,-17.8988,-50.8576,Farm B,Municipality 1,,,,,,,,,,,,,,,,,,,,,,,,,
D-43,43,-17.5233,-50.9829,Farm B,Municipality 1,,,,,,,,,,,,,,,,,,,,,,,,,
D-03,3,-17.5162,-51.0494,Farm B,Municipality 1,,,,,,,,,,,,,,,,,,,,,,,,,
D-85,85,-17.5004,-50.959,Farm B,Municipality 1,,,,,,,,,,,,,,,,,,,,,,,,,
D-79,79,-17.8385,-51.1376,Farm A,Municipality 1,,,,,,,,,,,,,,,,,,,,,,,,,
D-02,2,-17.7993,-50.8282,Farm B,Municipality 1,,,,,,,,,,,,,,,,,,,,,,,,,
D-71,71,-17.7986,-51.1155,Farm A,Municipality 1,,,,,,,,,,,,,,,,,,,,,,,,,
D-70,70,-17.4758,-51.1089,Farm B,Municipality 1,,,,,,,,,,,,,,,,,,,,,,,,,
D-32,32,-17.4679,-50.9107,Farm A,Municipality 1,,,,,,,,,,,,,,,,,,,,,,,,,
D-20,20,-17.4094,-50.9529,Farm A,Municipality 1,,,,,,,,,,,,,,,,,,,,,,,,,
D-34,34,-17.7994,-51.0463,Farm B,Municipality 1,,,,,,,,,,,,,,,,,,,,,,,,,
D-40,40,-17.5592,-51.151,Farm B,Municipality 1,,,,,,,,,,,,,,,,,,,,,,,,,
D-20,20,-17.4524,-51.172,Farm B,Municipality 1,,,,,,,,,,,,,,,,,,,,,,,,,
D-38,38,-17.7362,-50.954,Farm B,Municipality 1,,,,,,,,,,,,,,,,,,,,,,,,,
D-48,48,-17.6901,-51.1522,Farm A,Municipality 1,,,,,,,,,,,,,,,,,,,,,,,,,
D-71,71,-17.701,-51.1017,Farm A,Municipality 1,,,,,,,,,,,,,,,,,,,,,,,,,
D-11,11,-17.4121,-50.9262,Farm A,Municipality 1,,,,,,,,,,,,,,,,,,,,,,,,,
D-66,66,-17.7877,-50.8613,Farm A,Municipality 1,,,,,,,,,,,,,,,,,,,,,,,,,
D-76,76,-17.7487,-50.8055,Farm B,Municipality 1,,,,,,,,,,,,,,,,,,,,,,,,,
D-52,52,-17.5358,-51.1827,Farm A,Municipality 1,,,,,,,,,,,,,,,,,,,,,,,,,
D-64,64,-17.739,-50.9714,Farm B,Municipality 1,,,,,,,,,,,,,,,,,,,,,,,,,
D-35,35,-17.6479,-50.9887,Farm A,Municipality 1,,,,,,,,,,,,,,,,,,,,,,,,,
D-39,39,-17.7777,-51.1955,Farm A,Municipality 1,,,,,,,,,,,,,,,,,,,,,,,,,
D-32,32,-17.6285,-51.0931,Farm A,Municipality 1,,,,,,,,,,,,,,,,,,,,,,,,,
D-23,23,-17.6085,-50.9659,Farm A,Municipality 1,,,,,,,,,,,,,,,,,,,,,,,,,
D-09,9,-17.8585,-50.9683,Farm A,Municipality 1,,,,,,,,,,,,,,,,,,,,,,,,,
D-16,16,-17.8295,-50.8111,Farm B,Municipality 1,,,,,,,,,,,,,,,,,,,,,,,,,
D-77,77,-17.6745,-51.1171,Farm B,Municipality 1,,,,,,,,,,,,,,,,,,,,,,,,,
D-64,64,-17.8658,-50.9376,Farm A,Municipality 1,,,,,,,,,,,,,,,,,,,,,,,,,
D-78,78,-17.4634,-50.9226,Farm A,Municipality 1,,,,,,,,,,,,,,,,,,,,,,,,,
D-63,63,-17.4462,-50.8789,Farm B,Municipality 1,,,,,,,,,,,,,,,,,,,,,,,,,
D-41,41,-17.8617,-50.9583,Farm A,Municipality 1,,,,,,,,,,,,,,,,,,,,,,,,,
D-01,1,-17.6446,-51.1639,Farm A,Municipality 1,,,,,,,,,,,,,,,,,,,,,,,,,
D-27,27,-17.8232,-51.1015,Farm B,Municipality 1,,,,,,,,,,,,,,,,,,,,,,,,,
D-83,83,-17.704,-50.8583,Farm B,Municipality 1,,,,,,,,,,,,,,,,,,,,,,,,,
D-19,19,-17.4063,-51.1398,Farm A,Municipality 1,,,,,,,,,,,,,,,,,,,,,,,,,
D-33,33,-17.7759,-51.0174,Farm A,Municipality 1,,,,,,,,,,,,,,,,,,,,,,,,,
D-80,80,-17.5882,-51.057,Farm B,Municipality 1,,,,,,,,,,,,,,,,,,,,,,,,,
D-50,50,-17.5459,-50.9558,Farm B,Municipality 1,,,,,,,,,,,,,,,,,,,,,,,,,
D-42,42,-17.804,-51.1298,Farm B,Municipality 1,,,,,,,,,,,,,,,,,,,,,,,,,
D-47,47,-17.43,-50.949,Farm A,Municipality 1,,,,,,,,,,,,,,,,,,,,,,,,,
D-32,32,-17.6156,-51.0841,Farm A,Municipality 1,,,,,,,,,,,,,,,,,,,,,,,,,
D-35,35,-17.6725,-50.8183,Farm A,Municipality 1,,,,,,,,,,,,,,,,,,,,,,,,,
D-76,76,-17.6786,-51.1713,Farm A,Municipality 1,,,,,,,,,,,,,,,,,,,,,,,,,
D-53,53,-17.8485,-51.0078,Farm B,Municipality 1,,,,,,,,,,,,,,,,,,,,,,,,,
D-38,38,-17.8887,-50.9878,Farm B,Municipality 1,,,,,,,,,,,,,,,,,,,,,,,,,
D-83,83,-17.7525,-50.8844,Farm A,Municipality 1,,,,,,,,,,,,,,,,,,,,,,,,,
D-86,86,-17.6685,-50.9479,Farm B,Municipality 1,,,,,,,,,,,,,,,,,,,,,,,,,
D-34,34,-17.5141,-51.0485,Farm B,Municipality 1,,,,,,,,,,,,,,,,,,,,,,,,,
D-49,49,-17.428,-51.1378,Farm A,Municipality 1,,,,,,,,,,,,,,,,,,,,,,,,,
D-54,54,-17.8568,-50.8486,Farm B,Municipality 1,,,,,,,,,,,,,,,,,,,,,,,,,
D-49,49,-17.5154,-50.9066,Farm B,Municipality 1,,,,,,,,,,,,,,,,,,,,,,,,,
D-21,21,-17.5949,-50.8053,Farm B,Municipality 1,,,,,,,,,,,,,,,,,,,,,,,,,
D-02,2,-17.8781,-51.1383,Farm A,Municipality 1,,Perene,Cana-de-açúcar,,Verão,2026-02-28,17.6879,4.7505,0.2727,414.601,292.533,0.7056,3.7233,0.06046,0.7519,198.167,27.23,9.72,2.82,26.62,9.31,2.61,2.97,R3,107.58
D-32,32,-17.6159,-50.9791,Farm A,Municipality 1,,,,,,,,,,,,,,,,,,,,,,,,,
D-78,78,-17.5911,-51.198,Farm B,Municipality 1,,,,,,,,,,,,,,,,,,,,,,,,,
D-63,63,-17.8485,-50.8713,Farm A,Municipality 1,,,,,,,,,,,,,,,,,,,,,,,,,
D-61,61,-17.71,-50.9697,Farm B,Municipality 1,,,,,,,,,,,,,,,,,,,,,,,,,
D-23,23,-17.4601,-51.0102,Farm A,Municipality 1,,,,,,,,,,,,,,,,,,,,,,,,,
D-70,70,-17.7818,-50.9998,Farm A,Municipality 1,,,,,,,,,,,,,,,,,,,,,,,,,
D-69,69,-17.4297,-51.0288,Farm A,Municipality 1,,,,,,,,,,,,,,,,,,,,,,,,,
D-41,41,-17.5184,-51.1019,Farm B,Municipality 1,,,,,,,,,,,,,,,,,,,,,,,,,
D-68,68,-17.4521,-51.124,Farm A,Municipality 1,,,,,,,,,,,,,,,,,,,,,,,,,
D-01,1,-17.8945,-50.9619,Farm A,Municipality 1,,,,,,,,,,,,,,,,,,,,,,,,,
D-66,66,-17.5866,-51.029,Farm B,Municipality 1,,,,,,,,,,,,,,,,,,,,,,,,,
D-06,6,-17.449,-50.8675,Farm A,Municipality 1,,,,,,,,,,,,,,,,,,,,,,,,,
D-57,57,-17.6073,-50.8132,Farm B,Municipality 1,,,,,,,,,,,,,,,,,,,,,,,,,
D-43,43,-17.4212,-50.8499,Farm B,Municipality 1,,,,,,,,,,,,,,,,,,,,,,,,,
D-89,89,-17.4313,-51.0838,Farm B,Municipality 1,,,,,,,,,,,,,,,,,,,,,,,,,
D-07,7,-17.714,-50.9697,Farm A,Municipality 1,,,,,,,,,,,,,,,,,,,,,,,,,
D-42,42,-17.8646,-51.0732,Farm B,Municipality 1,,,,,,,,,,,,,,,,,,,,,,,,,
D-57,57,-17.8093,-50.9301,Farm A,Municipality 1,,,,,,,,,,,,,,,,,,,,,,,,,
D-28,28,-17.8254,-50.9866,Farm B,Municipality 1,,,,,,,,,,,,,,,,,,,,,,,,,
D-04,4,-17.789,-50.9278,Farm B,Municipality 1,,,,,,,,,,,,,,,,,,,,,,,,,
D-89,89,-17.4586,-51.0504,Farm A,Municipality 1,,,,,,,,,,,,,,,,,,,,,,,,,
D-42,42,-17.6784,-50.9531,Farm A,Municipality 1,,,,,,,,,,,,,,,,,,,,,,,,,
D-32,32,-17.6605,-51.0024,Farm A,Municipality 1,,,,,,,,,,,,,,,,,,,,,,,,,
D-82,82,-17.6425,-50.8596,Farm B,Municipality 1,,,,,,,,,,,,,,,,,,,,,,,,,
D-07,7,-17.5261,-51.0168,Farm B,Municipality 1,,,,,,,,,,,,,,,,,,,,,,,,,
D-12,12,-17.6711,-51.1919,Farm B,Municipality 1,,,,,,,,,,,,,,,,,,,,,,,,,
D-56,56,-17.5151,-50.9104,Farm B,Municipality 1,,,,,,,,,,,,,,,,,,,,,,,,,
D-60,60,-17.8916,-51.0903,Farm A,Municipality 1,,,,,,,,,,,,,,,,,,,,,,,,,
D-68,68,-17.5595,-50.9969,Farm B,Municipality 1,,,,,,,,,,,,,,,,,,,,,,,,,
D-88,88,-17.8739,-50.903,Farm A,Municipality 1,,,,,,,,,,,,,,,,,,,,,,,,,
D-08,8,-17.5525,-50.9337,Farm B,Municipality 1,,,,,,,,,,,,,,,,,,,,,,,,,
D-04,4,-17.8066,-51.1448,Farm A,Municipality 1,,,,,,,,,,,,,,,,,,,,,,,,,
D-31,31,-17.6467,-51.1406,Farm A,Municipality 1,,,,,,,,,,,,,,,,,,,,,,,,,
D-14,14,-17.8443,-51.147,Farm A,Municipality 1,,,,,,,,,,,,,,,,,,,,,,,,,
D-73,73,-17.4701,-51.0472,Farm B,Municipality 1,,,,,,,,,,,,,,,,,,,,,,,,,
D-10,10,-17.5993,-50.8933,Farm B,Municipality 1,,,,,,,,,,,,,,,,,,,,,,,,,
D-85,85,-17.7381,-51.1579,Farm B,Municipality 1,,,,,,,,,,,,,,,,,,,,,,,,,
D-25,25,-17.4015,-51.0483,Farm B,Municipality 1,,,,,,,,,,,,,,,,,,,,,,,,,
D-32,32,-17.5861,-50.9847,Farm B,Municipality 1,,,,,,,,,,,,,,,,,,,,,,,,,
D-26,26,-17.4732,-51.1386,Farm B,Municipality 1,,,,,,,,,,,,,,,,,,,,,,,,,
D-61,61,-17.6255,-50.9748,Farm A,Municipality 1,,,,,,,,,,,,,,,,,,,,,,,,,
D-47,47,-17.733,-51.0912,Farm B,Municipality 1,,,,,,,,,,,,,,,,,,,,,,,,,
D-39,39,-17.6069,-51.1525,Farm A,Municipality 1,,,,,,,,,,,,,,,,,,,,,,,,,
D-16,16,-17.8255,-50.9664,Farm A,Municipality 1,,,,,,,,,,,,,,,,,,,,,,,,,
D-23,23,-17.8021,-50.8799,Farm A,Municipality 1,,,,,,,,,,,,,,,,,,,,,,,,,
D-84,84,-17.5663,-51.0173,Farm A,Municipality 1,,,,,,,,,,,,,,,,,,,,,,,,,
D-79,79,-17.6512,-51.1627,Farm A,Municipality 1,,,,,,,,,,,,,,,,,,,,,,,,,
D-10,10,-17.52,-50.9701,Farm B,Municipality 1,,,,,,,,,,,,,,,,,,,,,,,,,
D-34,34,-17.6976,-50.8573,Farm A,Municipality 1,,,,,,,,,,,,,,,,,,,,,,,,,
D-38,38,-17.4178,-51.143,Farm B,Municipality 1,,,,,,,,,,,,,,,,,,,,,,,,,
D-13,13,-17.6229,-50.979,Farm B,Municipality 1,,,,,,,,,,,,,,,,,,,,,,,,,
D-90,90,-17.7533,-51.1049,Farm A,Municipality 1,,,,,,,,,,,,,,,,,,,,,,,,,
D-44,44,-17.5585,-50.8198,Farm A,Municipality 1,,,,,,,,,,,,,,,,,,,,,,,,,
D-15,15,-17.8263,-51.0906,Farm A,Municipality 1,,,,,,,,,,,,,,,,,,,,,,,,,
D-40,40,-17.5786,-50.9389,Farm B,Municipality 1,,,,,,,,,,,,,,,,,,,,,,,,,
D-33,33,-17.7033,-50.8517,Farm B,Municipality 1,,,,,,,,,,,,,,,,,,,,,,,,,
D-14,14,-17.4132,-50.9386,Farm B,Municipality 1,,,,,,,,,,,,,,,,,,,,,,,,,
D-32,32,-17.5325,-50.9153,Farm B,Municipality 1,,,,,,,,,,,,,,,,,,,,,,,,,
D-63,63,-17.7359,-50.8713,Farm A,Municipality 1,,,,,,,,,,,,,,,,,,,,,,,,,
D-54,54,-17.5685,-50.8933,Farm A,Municipality 1,,,,,,,,,,,,,,,,,,,,,,,,,
D-01,1,-17.6283,-50.8938,Farm B,Municipality 1,,,,,,,,,,,,,,,,,,,,,,,,,
D-58,58,-17.4066,-50.8602,Farm A,Municipality 1,,,,,,,,,,,,,,,,,,,,,,,,,
D-36,36,-17.863,-51.0213,Farm B,Municipality 1,,,,,,,,,,,,,,,,,,,,,,,,,
D-42,42,-17.5938,-50.8982,Farm B,Municipality 1,,,,,,,,,,,,,,,,,,,,,,,,,
D-84,84,-17.6583,-50.9867,Farm B,Municipality 1,,,,,,,,,,,,,,,,,,,,,,,,,
D-70,70,-17.5901,-51.0795,Farm B,Municipality 1,,,,,,,,,,,,,,,,,,,,,,,,,
D-47,47,-17.5481,-51.1183,Farm B,Municipality 1,,,,,,,,,,,,,,,,,,,,,,,,,
D-56,56,-17.8982,-51.175,Farm A,Municipality 1,,,,,,,,,,,,,,,,,,,,,,,,,
D-03,3,-17.486,-50.8553,Farm A,Municipality 1,,,,,,,,,,,,,,,,,,,,,,,,,
D-81,81,-17.5733,-51.0563,Farm B,Municipality 1,,,,,,,,,,,,,,,,,,,,,,,,,
D-48,48,-17.8859,-50.9296,Farm A,Municipality 1,,,,,,,,,,,,,,,,,,,,,,,,,
D-22,22,-17.4127,-51.1184,Farm A,Municipality 1,,,,,,,,,,,,,,,,,,,,,,,,,
D-45,45,-17.6704,-51.132,Farm B,Municipality 1,,,,,,,,,,,,,,,,,,,,,,,,,
D-82,82,-17.5604,-51.1784,Farm A,Municipality 1,,,,,,,,,,,,,,,,,,,,,,,,,
D-70,70,-17.5999,-51.1631,Farm A,Municipality 1,,,,,,,,,,,,,,,,,,,,,,,,,
D-15,15,-17.5196,-50.9436,Farm A,Municipality 1,,,,,,,,,,,,,,,,,,,,,,,,,
D-63,63,-17.4104,-51.1608,Farm B,Municipality 1,,,,,,,,,,,,,,,,,,,,,,,,,
D-18,18,-17.5089,-50.9008,Farm A,Municipality 1,,,,,,,,,,,,,,,,,,,,,,,,,
D-04,4,-17.7404,-51.0976,Farm B,Municipality 1,,,,,,,,,,,,,,,,,,,,,,,,,
D-56,56,-17.6391,-51.0275,Farm A,Municipality 1,,,,,,,,,,,,,,,,,,,,,,,,,
D-62,62,-17.415,-51.1308,Farm A,Municipality 1,,,,,,,,,,,,,,,,,,,,,,,,,
D-01,1,-17.684,-51.1427,Farm B,Municipality 1,,,,,,,,,,,,,,,,,,,,,,,,,
D-76,76,-17.6069,-50.9959,Farm B,Municipality 1,,,,,,,,,,,,,,,,,,,,,,,,,
D-39,39,-17.4549,-50.959,Farm B,Municipality 1,,,,,,,,,,,,,,,,,,,,,,,,,
D-69,69,-17.7224,-51.0712,Farm B,Municipality 1,,,,,,,,,,,,,,,,,,,,,,,,,
D-30,30,-17.7462,-51.1134,Farm B,Municipality 1,,,,,,,,,,,,,,,,,,,,,,,,,
D-54,54,-17.7142,-51.1245,Farm B,Municipality 1,,,,,,,,,,,,,,,,,,,,,,,,,
D-71,71,-17.5698,-51.0278,Farm A,Municipality 1,,,,,,,,,,,,,,,,,,,,,,,,,
D-14,14,-17.4348,-51.1806,Farm B,Municipality 1,,Anual,Soja,,Verão,2026-01-23,16.3713,3.2811,0.1989,406.822,187.28,0.4603,4.9896,0.08742,0.737,163.011,20.52,8.23,4.27,20.6,8.67,4.22,4.34,R1,88.16
D-37,37,-17.6649,-51.0839,Farm A,Municipality 1,,,,,,,,,,,,,,,,,,,,,,,,,
D-60,60,-17.4335,-51.1185,Farm B,Municipality 1,,,,,,,,,,,,,,,,,,,,,,,,,
D-83,83,-17.6471,-50.8063,Farm B,Municipality 1,,,,,,,,,,,,,,,,,,,,,,,,,
D-28,28,-17.8318,-51.0719,Farm B,Municipality 1,,,,,,,,,,,,,,,,,,,,,,,,,
D-28,28,-17.7567,-51.1441,Farm A,Municipality 1,,,,,,,,,,,,,,,,,,,,,,,,,
D-68,68,-17.4659,-51.0522,Farm B,Municipality 1,,,,,,,,,,,,,,,,,,,,,,,,,
D-41,41,-17.5383,-50.8523,Farm B,Municipality 1,,,,,,,,,,,,,,,,,,,,,,,,,
D-62,62,-17.5002,-50.845,Farm A,Municipality 1,,,,,,,,,,,,,,,,,,,,,,,,,
D-02,2,-17.5553,-50.9426,Farm B,Municipality 1,,,,,,,,,,,,,,,,,,,,,,,,,
D-02,2,-17.8413,-50.8462,Farm B,Municipality 1,,,,,,,,,,,,,,,,,,,,,,,,,
D-16,16,-17.6523,-51.139,Farm A,Municipality 1,,,,,,,,,,,,,,,,,,,,,,,,,
D-65,65,-17.604,-51.1898,Farm A,Municipality 1,,,,,,,,,,,,,,,,,,,,,,,,,
D-27,27,-17.4386,-50.9729,Farm B,Municipality 1,,,,,,,,,,,,,,,,,,,,,,,,,
D-82,82,-17.5466,-50.8017,Farm B,Municipality 1,,,,,,,,,,,,,,,,,,,,,,,,,
D-27,27,-17.8163,-51.0614,Farm A,Municipality 1,,,,,,,,,,,,,,,,,,,,,,,,,
D-80,80,-17.4534,-50.939,Farm B,Municipality 1,,,,,,,,,,,,,,,,,,,,,,,,,
D-38,38,-17.8038,-51.1117,Farm B,Municipality 1,,Anual,Soja,,Verão,2026-01-23,18.7409,4.9228,0.231,422.701,282.723,0.6688,3.807,0.06629,0.5729,116.672,28.55,11.0,4.28,26.29,10.22,4.06,4.89,R1,121.03
D-15,15,-17.8894,-51.1778,Farm A,Municipality 1,,Perene,Cana-de-açúcar,,Verão,2025-12-19,13.3873,3.3233,0.2405,428.83,289.209,0.6744,4.0283,0.04629,0.6375,125.026,30.17,9.87,2.99,30.88,10.68,3.03,3.08,V4,86.06
D-20,20,-17.4859,-51.0095,Farm B,Municipality 1,,,,,,,,,,,,,,,,,,,,,,,,,
D-84,84,-17.4205,-50.8223,Farm A,Municipality 1,,,,,,,,,,,,,,,,,,,,,,,,,
D-52,52,-17.6183,-51.0528,Farm A,Municipality 1,,,,,,,,,,,,,,,,,,,,,,,,,
D-29,29,-17.7158,-50.9851,Farm A,Municipality 1,,,,,,,,,,,,,,,,,,,,,,,,,
D-17,17,-17.4486,-50.8312,Farm B,Municipality 1,,,,,,,,,,,,,,,,,,,,,,,,,
D-53,53,-17.8228,-50.8273,Farm B,Municipality 1,,,,,,,,,,,,,,,,,,,,,,,,,
D-46,46,-17.4189,-51.0198,Farm A,Municipality 1,,,,,,,,,,,,,,,,,,,,,,,,,
D-81,81,-17.4242,-51.1439,Farm B,Municipality 1,,,,,,,,,,,,,,,,,,,,,,,,,
D-06,6,-17.6795,-50.9675,Farm A,Municipality 1,,,,,,,,,,,,,,,,,,,,,,,,,
D-78,78,-17.5618,-50.9015,Farm B,Municipality 1,,,,,,,,,,,,,,,,,,,,,,,,,
D-77,77,-17.4357,-50.9983,Farm B,Municipality 1,,,,,,,,,,,,,,,,,,,,,,,,,
D-09,9,-17.6266,-50.8324,Farm A,Municipality 1,,,,,,,,,,,,,,,,,,,,,,,,,
D-35,35,-17.6348,-50.9626,Farm A,Municipality 1,,,,,,,,,,,,,,,,,,,,,,,,,
D-36,36,-17.5895,-51.0345,Farm A,Municipality 1,,,,,,,,,,,,,,,,,,,,,,,,,
D-25,25,-17.4858,-50.8119,Farm A,Municipality 1,,,,,,,,,,,,,,,,,,,,,,,,,
D-55,55,-17.8167,-51.1825,Farm B,Municipality 1,,,,,,,,,,,,,,,,,,,,,,,,,
D-15,15,-17.5842,-50.8971,Farm A,Municipality 1,,,,,,,,,,,,,,,,,,,,,,,,,
D-47,47,-17.6865,-50.9073,Farm A,Municipality 1,,,,,,,,,,,,,,,,,,,,,,,,,
D-15,15,-17.6468,-51.1108,Farm A,Municipality 1,,,,,,,,,,,,,,,,,,,,,,,,,
D-09,9,-17.8232,-50.9041,Farm B,Municipality 1,,,,,,,,,,,,,,,,,,,,,,,,,
D-15,15,-17.521,-50.8153,Farm B,Municipality 1,,,,,,,,,,,,,,,,,,,,,,,,,
D-31,31,-17.5555,-50.8361,Farm A,Municipality 1,,,,,,,,,,,,,,,,,,,,,,,,,
D-81,81,-17.5317,-50.9288,Farm A,Municipality 1,,,,,,,,,,,,,,,,,,,,,,,,,
D-19,19,-17.5718,-51.0195,Farm A,Municipality 1,,,,,,,,,,,,,,,,,,,,,,,,,
D-51,51,-17.7462,-51.0803,Farm B,Municipality 1,,,,,,,,,,,,,,,,,,,,,,,,,
D-82,82,-17.6695,-50.943,Farm B,Municipality 1,,,,,,,,,,,,,,,,,,,,,,,,,
D-70,70,-17.8246,-51.0735,Farm A,Municipality 1,,,,,,,,,,,,,,,,,,,,,,,,,
D-59,59,-17.6498,-50.8929,Farm A,Municipality 1,,,,,,,,,,,,,,,,,,,,,,,,,
D-35,35,-17.4939,-50.9162,Farm A,Municipality 1,,,,,,,,,,,,,,,,,,,,,,,,,
D-73,73,-17.548,-51.0355,Farm A,Municipality 1,,,,,,,,,,,,,,,,,,,,,,,,,
D-41,41,-17.5959,-50.8164,Farm B,Municipality 1,,,,,,,,,,,,,,,,,,,,,,,,,
D-45,45,-17.7045,-50.9585,Farm A,Municipality 1,,,,,,,,,,,,,,,,,,,,,,,,,
D-71,71,-17.6297,-50.979,Farm A,Municipality 1,,,,,,,,,,,,,,,,,,,,,,,,,
D-34,34,-17.5655,-50.9811,Farm B,Municipality 1,,,,,,,,,,,,,,,,,,,,,,,,,
D-35,35,-17.5532,-50.9301,Farm B,Municipality 1,,,,,,,,,,,,,,,,,,,,,,,,,
D-08,8,-17.4709,-51.1982,Farm B,Municipality 1,,Anual,Soja,,Verão,2026-02-28,19.5847,5.3873,0.2341,403.61,214.0,0.5302,3.6354,0.09152,0.8071,156.982,31.57,11.72,2.61,32.28,11.3,2.51,2.95,R1,64.19
D-65,65,-17.576,-51.0066,Farm A,Municipality 1,,,,,,,,,,,,,,,,,,,,,,,,,
D-68,68,-17.5608,-50.9013,Farm B,Municipality 1,,,,,,,,,,,,,,,,,,,,,,,,,
D-21,21,-17.4398,-51.0368,Farm B,Municipality 1,,,,,,,,,,,,,,,,,,,,,,,,,
D-48,48,-17.5834,-51.1241,Farm A,Municipality 1,,,,,,,,,,,,,,,,,,,,,,,,,
D-24,24,-17.7722,-50.9114,Farm B,Municipality 1,,,,,,,,,,,,,,,,,,,,,,,,,
D-50,50,-17.5706,-50.9721,Farm A,Municipality 1,,,,,,,,,,,,,,,,,,,,,,,,,
D-11,11,-17.8228,-51.1209,Farm A,Municipality 1,,,,,,,,,,,,,,,,,,,,,,,,,
D-23,23,-17.6375,-50.8897,Farm A,Municipality 1,,,,,,,,,,,,,,,,,,,,,,,,,
D-07,7,-17.8178,-50.9179,Farm A,Municipality 1,,,,,,,,,,,,,,,,,,,,,,,,,
D-34,34,-17.6336,-51.0449,Farm B,Municipality 1,,,,,,,,,,,,,,,,,,,,,,,,,
D-29,29,-17.4494,-50.9732,Farm A,Municipality 1,,,,,,,,,,,,,,,,,,,,,,,,,
D-66,66,-17.8439,-50.9927,Farm A,Municipality 1,,,,,,,,,,,,,,,,,,,,,,,,,
D-71,71,-17.8894,-51.0735,Farm A,Municipality 1,,,,,,,,,,,,,,,,,,,,,,,,,
D-14,14,-17.4663,-51.0184,Farm A,Municipality 1,,Perene,Cana-de-açúcar,,Verão,2026-01-23,15.9065,5.8981,0.2924,409.167,249.025,0.6086,2.6969,0.06388,0.7143,127.021,22.69,9.41,2.4,21.04,10.88,3.12,2.11,V4,77.64
D-55,55,-17.7493,-51.1876,Farm A,Municipality 1,,,,,,,,,,,,,,,,,,,,,,,,,
D-70,70,-17.8624,-50.9041,Farm B,Municipality 1,,,,,,,,,,,,,,,,,,,,,,,,,
D-37,37,-17.8706,-51.0284,Farm B,Municipality 1,,,,,,,,,,,,,,,,,,,,,,,,,
D-47,47,-17.6593,-50.9987,Farm A,Municipality 1,,,,,,,,,,,,,,,,,,,,,,,,,
D-86,86,-17.8531,-51.0351,Farm B,Municipality 1,,,,,,,,,,,,,,,,,,,,,,,,,
D-40,40,-17.5507,-50.8104,Farm A,Municipality 1,,,,,,,,,,,,,,,,,,,,,,,,,
D-21,21,-17.5098,-51.0083,Farm A,Municipality 1,,Perene,Cana-de-açúcar,,Verão,2025-12-19,18.7035,3.8171,0.2111,413.78,225.883,0.5459,4.8999,0.0828,0.6707,163.122,27.37,15.44,2.51,28.66,16.12,2.64,3.09,R1,80.9
D-26,26,-17.416,-51.177,Farm B,Municipality 1,,,,,,,,,,,,,,,,,,,,,,,,,
D-78,78,-17.8194,-51.0792,Farm A,Municipality 1,,,,,,,,,,,,,,,,,,,,,,,,,
D-84,84,-17.5941,-50.8057,Farm B,Municipality 1,,,,,,,,,,,,,,,,,,,,,,,,,
D-08,8,-17.5939,-50.8987,Farm A,Municipality 1,,,,,,,,,,,,,,,,,,,,,,,,,
D-31,31,-17.8325,-51.0236,Farm A,Municipality 1,,,,,,,,,,,,,,,,,,,,,,,,,
D-17,17,-17.8775,-50.8702,Farm B,Municipality 1,,,,,,,,,,,,,,,,,,,,,,,,,
D-70,70,-17.7361,-50.8521,Farm A,Municipality 1,,,,,,,,,,,,,,,,,,,,,,,,,
D-32,32,-17.4902,-51.1871,Farm A,Municipality 1,,,,,,,,,,,,,,,,,,,,,,,,,
D-07,7,-17.8196,-51.0569,Farm A,Municipality 1,,,,,,,,,,,,,,,,,,,,,,,,,
D-66,66,-17.605,-51.1557,Farm B,Municipality 1,,,,,,,,,,,,,,,,,,,,,,,,,
D-67,67,-17.6565,-51.1262,Farm B,Municipality 1,,,,,,,,,,,,,,,,,,,,,,,,,
D-19,19,-17.855,-51.152,Farm A,Municipality 1,,,,,,,,,,,,,,,,,,,,,,,,,
D-85,85,-17.5452,-50.8972,Farm B,Municipality 1,,,,,,,,,,,,,,,,,,,,,,,,,
D-79,79,-17.8078,-50.9458,Farm B,Municipality 1,,,,,,,,,,,,,,,,,,,,,,,,,
D-69,69,-17.4577,-50.8948,Farm A,Municipality 1,,,,,,,,,,,,,,,,,,,,,,,,,
D-70,70,-17.8794,-51.16,Farm A,Municipality 1,,,,,,,,,,,,,,,,,,,,,,,,,
D-12,12,-17.8524,-51.0187,Farm A,Municipality 1,,,,,,,,,,,,,,,,,,,,,,,,,
D-34,34,-17.8285,-51.1228,Farm A,Municipality 1,,,,,,,,,,,,,,,,,,,,,,,,,
D-64,64,-17.8689,-51.0968,Farm A,Municipality 1,,,,,,,,,,,,,,,,,,,,,,,,,
D-56,56,-17.6212,-50.8062,Farm B,Municipality 1,,,,,,,,,,,,,,,,,,,,,,,,,
D-37,37,-17.442,-51.0752,Farm B,Municipality 1,,,,,,,,,,,,,,,,,,,,,,,,,
D-82,82,-17.7499,-51.0091,Farm A,Municipality 1,,,,,,,,,,,,,,,,,,,,,,,,,
D-22,22,-17.749,-50.8326,Farm A,Municipality 1,,Perene,Cana-de-açúcar,,Verão,2026-02-28,12.7478,2.9816,0.0998,427.834,304.476,0.7117,4.2755,0.04187,0.6724,117.447,19.99,7.25,1.82,16.52,7.29,1.7,1.93,R3,99.04
D-87,87,-17.7644,-50.9406,Farm B,Municipality 1,,,,,,,,,,,,,,,,,,,,,,,,,
D-19,19,-17.6814,-50.8976,Farm A,Municipality 1,,,,,,,,,,,,,,,,,,,,,,,,,
D-24,24,-17.8251,-51.1253,Farm A,Municipality 1,,,,,,,,,,,,,,,,,,,,,,,,,
D-16,16,-17.7109,-50.8593,Farm B,Municipality 1,,,,,,,,,,,,,,,,,,,,,,,,,
D-65,65,-17.7609,-51.1787,Farm A,Municipality 1,,,,,,,,,,,,,,,,,,,,,,,,,
D-55,55,-17.48,-50.8319,Farm B,Municipality 1,,,,,,,,,,,,,,,,,,,,,,,,,
D-35,35,-17.6062,-50.8135,Farm A,Municipality 1,,,,,,,,,,,,,,,,,,,,,,,,,
D-05,5,-17.4003,-50.9125,Farm A,Municipality 1,,,,,,,,,,,,,,,,,,,,,,,,,
D-07,7,-17.7298,-50.8561,Farm A,Municipality 1,,,,,,,,,,,,,,,,,,,,,,,,,
D-85,85,-17.725,-50.9131,Farm B,Municipality 1,,,,,,,,,,,,,,,,,,,,,,,,,
D-83,83,-17.515,-51.1627,Farm A,Municipality 1,,,,,,,,,,,,,,,,,,,,,,,,,
D-59,59,-17.6049,-51.1414,Farm B,Municipality 1,,,,,,,,,,,,,,,,,,,,,,,,,
D-82,82,-17.4307,-50.9446,Farm A,Municipality 1,,,,,,,,,,,,,,,,,,,,,,,,,
D-50,50,-17.8978,-50.9715,Farm A,Municipality 1,,,,,,,,,,,,,,,,,,,,,,,,,
D-71,71,-17.7448,-50.8133,Farm B,Municipality 1,,,,,,,,,,,,,,,,,,,,,,,,,
D-53,53,-17.5566,-50.8379,Farm A,Municipality 1,,,,,,,,,,,,,,,,,,,,,,,,,
D-56,56,-17.4012,-50.8335,Farm A,Municipality 1,,,,,,,,,,,,,,,,,,,,,,,,,
D-07,7,-17.7923,-50.9019,Farm A,Municipality 1,,,,,,,,,,,,,,,,,,,,,,,,,
D-52,52,-17.8158,-51.0115,Farm A,Municipality 1,,,,,,,,,,,,,,,,,,,,,,,,,
D-70,70,-17.7677,-51.1842,Farm B,Municipality 1,,,,,,,,,,,,,,,,,,,,,,,,,
D-78,78,-17.7484,-51.1383,Farm B,Municipality 1,,,,,,,,,,,,,,,,,,,,,,,,,
D-26,26,-17.5969,-51.1595,Farm B,Municipality 1,,,,,,,,,,,,,,,,,,,,,,,,,
D-41,41,-17.6986,-50.8664,Farm A,Municipality 1,,,,,,,,,,,,,,,,,,,,,,,,,
D-28,28,-17.857,-51.1237,Farm B,Municipality 1,,,,,,,,,,,,,,,,,,,,,,,,,
D-64,64,-17.4949,-50.9181,Farm A,Municipality 1,,,,,,,,,,,,,,,,,,,,,,,,,
D-25,25,-17.66,-50.8379,Farm A,Municipality 1,,,,,,,,,,,,,,,,,,,,,,,,,
D-60,60,-17.6052,-50.8539,Farm A,Municipality 1,,,,,,,,,,,,,,,,,,,,,,,,,
D-44,44,-17.5379,-50.9274,Farm B,Municipality 1,,,,,,,,,,,,,,,,,,,,,,,,,
D-60,60,-17.8061,-51.1838,Farm A,Municipality 1,,,,,,,,,,,,,,,,,,,,,,,,,
D-29,29,-17.5842,-51.1249,Farm A,Municipality 1,,,,,,,,,,,,,,,,,,,,,,,,,
D-56,56,-17.544,-50.9089,Farm A,Municipality 1,,,,,,,,,,,,,,,,,,,,,,,,,
